row_id,order_id,order_date,ship_date,ship_mode,customer_id,customer_name,segment,country,city,state,postal_code,region,product_id,category,sub_category,product_name,sales,quantity,discount,profit,profit_margin,revenue_category,discount_bucket,shipping_delay,order_month,order_year,is_weekend_order,is_high_value,business_segment
1,CA-2017-152156,2017-11-08,2017-11-11,Second Class,CG-12520,Claire Gute,Consumer,United States,Henderson,Kentucky,42420,South,FUR-BO-10001798,Furniture,Bookcases,Bush Somerset Collection Bookcase,261.96,2,0.0,41.9136,16.0,Low,No Discount,3,11,2017,False,False,Profitable
19,CA-2015-143336,2015-08-27,2015-09-01,Second Class,ZD-21925,Zuschuss Donatelli,Consumer,United States,San Francisco,California,94109,West,OFF-AR-10003056,Office Supplies,Art,Newell 341,8.56,2,0.0,2.4824,29.0,Micro,No Discount,5,8,2015,False,False,Profitable
28,US-2016-150630,2016-09-17,2016-09-21,Standard Class,TB-21520,Tracy Blumstein,Consumer,United States,Philadelphia,Pennsylvania,19140,East,FUR-BO-10004834,Furniture,Bookcases,"Riverside Palais Royal Lawyers Bookcase, Royale Cherry Finish",3083.43,7,0.5,-1665.0522,-54.0,High,No Discount,4,9,2016,True,True,Loss-Making
30,US-2016-150630,2016-09-17,2016-09-21,Standard Class,TB-21520,Tracy Blumstein,Consumer,United States,Philadelphia,Pennsylvania,19140,East,FUR-FU-10004848,Furniture,Furnishings,"""Howard Miller 13-3/4"""" Diameter Brushed Chrome Round Wall Clock""",124.2,3,0.2,15.525,12.5,Low,No Discount,4,9,2016,True,False,Profitable
85,US-2018-119662,2018-11-13,2018-11-16,First Class,CS-12400,Christopher Schild,Home Office,United States,Chicago,Illinois,60623,Central,OFF-ST-10003656,Office Supplies,Storage,Safco Industrial Wire Shelving,230.376,3,0.2,-48.9549,-21.25,Low,No Discount,3,11,2018,False,False,Loss-Making
112,CA-2017-128867,2017-11-03,2017-11-10,Standard Class,CL-12565,Clay Ludtke,Consumer,United States,Urbandale,Iowa,50322,Central,OFF-AR-10000380,Office Supplies,Art,"Hunt PowerHouse Electric Pencil Sharpener, Blue",75.96,2,0.0,22.788,30.0,Micro,No Discount,7,11,2017,False,False,Star Performer
143,CA-2018-106180,2018-09-18,2018-09-23,Standard Class,SH-19975,Sally Hughsby,Corporate,United States,San Francisco,California,94122,West,OFF-EN-10004030,Office Supplies,Envelopes,Convenience Packs of Business Envelopes,10.86,3,0.0,5.1042,47.0,Micro,No Discount,5,9,2018,False,False,Star Performer
192,CA-2016-102281,2016-10-12,2016-10-14,First Class,MP-17470,Mark Packer,Home Office,United States,New York City,New York,10035,East,OFF-PA-10000061,Office Supplies,Paper,Xerox 205,51.84,8,0.0,24.8832,48.0,Micro,No Discount,2,10,2016,False,False,Star Performer
197,CA-2015-140004,2015-03-21,2015-03-25,Standard Class,CB-12025,Cassandra Brandow,Consumer,United States,Hamilton,Ohio,45011,East,OFF-AR-10004027,Office Supplies,Art,"Binney & Smith inkTank Erasable Desk Highlighter, Chisel Tip, Yellow, 12/Box",6.048,3,0.2,1.5876,26.25,Micro,No Discount,4,3,2015,True,False,Profitable
198,CA-2018-107720,2018-11-06,2018-11-13,Standard Class,VM-21685,Valerie Mitchum,Home Office,United States,Westfield,New Jersey,7090,East,OFF-ST-10001414,Office Supplies,Storage,Decoflex Hanging Personal Folder File,53.2,3,0.0,13.23,26.0,Micro,No Discount,7,11,2018,False,False,Profitable
223,CA-2016-169397,2016-12-24,2016-12-27,First Class,JB-15925,Joni Blumstein,Consumer,United States,Dublin,Ohio,43017,East,FUR-FU-10000087,Furniture,Furnishings,"""Executive Impressions 14"""" Two-Color Numerals Wall Clock""",72.704,4,0.2,19.0848,26.25,Micro,No Discount,3,12,2016,True,False,Profitable
225,CA-2016-169397,2016-12-24,2016-12-27,First Class,JB-15925,Joni Blumstein,Consumer,United States,Dublin,Ohio,43017,East,OFF-AR-10001958,Office Supplies,Art,Stanley Bostitch Contemporary Electric Pencil Sharpeners,27.168,2,0.2,2.7168,10.0,Micro,No Discount,3,12,2016,True,False,Profitable
228,CA-2016-163055,2016-08-09,2016-08-16,Standard Class,DS-13180,David Smith,Corporate,United States,Detroit,Michigan,48227,Central,OFF-ST-10002485,Office Supplies,Storage,Rogers Deluxe File Chest,21.98,1,0.0,0.2198,1.0,Micro,No Discount,7,8,2016,False,False,Break-Even
229,US-2016-145436,2016-02-28,2016-03-04,Standard Class,VD-21670,Valerie Dominguez,Consumer,United States,Columbia,Tennessee,38401,South,FUR-CH-10004860,Furniture,Chairs,Global Low Back Tilter Chair,161.568,2,0.2,-28.2744,-17.5,Low,No Discount,5,2,2016,True,False,Loss-Making
251,CA-2017-145625,2017-09-11,2017-09-17,Standard Class,KC-16540,Kelly Collister,Consumer,United States,San Diego,California,92037,West,OFF-PA-10004569,Office Supplies,Paper,"""Wirebound Message Books, Two 4 1/4"""" x 5"""" Forms per Page""",7.61,1,0.0,3.5767,47.0,Micro,No Discount,6,9,2017,False,False,Star Performer
283,CA-2016-130890,2016-11-02,2016-11-06,Standard Class,JO-15280,Jas O'Carroll,Consumer,United States,Los Angeles,California,90004,West,FUR-TA-10002903,Furniture,Tables,"""Bevis Round Bullnose 29"""" High Table Top""",1038.84,5,0.2,51.942,5.0,High,No Discount,4,11,2016,False,True,Break-Even
343,CA-2015-122336,2015-04-13,2015-04-17,Second Class,JD-15895,Jonathan Doherty,Corporate,United States,Philadelphia,Pennsylvania,19140,East,OFF-FA-10002780,Office Supplies,Fasteners,Staples,30.992,13,0.2,10.0724,32.5,Micro,No Discount,4,4,2015,False,False,Star Performer
345,US-2016-120712,2016-12-20,2016-12-24,Standard Class,CS-12130,Chad Sievert,Consumer,United States,Austin,Texas,78745,Central,OFF-ST-10000107,Office Supplies,Storage,Fellowes Super Stor/Drawer,88.8,4,0.2,-2.22,-2.5,Micro,No Discount,4,12,2016,False,False,Loss-Making
351,CA-2017-129714,2017-09-01,2017-09-03,First Class,AB-10060,Adam Bellavance,Home Office,United States,New York City,New York,10009,East,OFF-PA-10001970,Office Supplies,Paper,Xerox 1881,24.56,2,0.0,11.5432,47.0,Micro,No Discount,2,9,2017,False,False,Star Performer
365,CA-2018-144904,2018-09-25,2018-10-01,Standard Class,KW-16435,Katrina Willman,Consumer,United States,New York City,New York,10009,East,FUR-FU-10000023,Furniture,Furnishings,Eldon Wave Desk Accessories,47.12,8,0.0,20.7328,44.0,Micro,No Discount,6,9,2018,False,False,Star Performer
368,CA-2017-155516,2017-10-21,2017-10-21,Same Day,MK-17905,Michael Kennedy,Corporate,United States,Manchester,Connecticut,6040,East,OFF-SU-10001225,Office Supplies,Supplies,Staple remover,7.36,2,0.0,0.1472,2.0,Micro,No Discount,0,10,2017,True,False,Break-Even
369,CA-2017-155516,2017-10-21,2017-10-21,Same Day,MK-17905,Michael Kennedy,Corporate,United States,Manchester,Connecticut,6040,East,OFF-ST-10002406,Office Supplies,Storage,Pizazz Global Quick File,120.51,7,0.0,32.28,28.0,Low,No Discount,0,10,2017,True,False,Profitable
388,CA-2016-122756,2016-12-03,2016-12-07,Standard Class,DK-13225,Dean Katz,Corporate,United States,Philadelphia,Pennsylvania,19140,East,FUR-FU-10001935,Furniture,Furnishings,3M Hangers With Command Adhesive,2.96,1,0.2,0.777,26.25,Micro,No Discount,4,12,2016,True,False,Profitable
389,CA-2015-115973,2015-11-24,2015-11-26,First Class,NG-18430,Nathan Gelder,Consumer,United States,Cincinnati,Ohio,45231,East,OFF-AR-10004757,Office Supplies,Art,Crayola Colored Pencils,2.624,1,0.2,0.4264,16.25,Micro,No Discount,2,11,2015,False,False,Profitable
393,US-2015-135972,2015-09-21,2015-09-23,Second Class,JG-15115,Jack Garza,Consumer,United States,Des Moines,Washington,98198,West,TEC-CO-10002313,Technology,Copiers,Canon PC1080F Personal Copier,1799.97,3,0.0,701.9883,39.0,High,No Discount,2,9,2015,False,True,Star Performer
455,CA-2018-147277,2018-10-20,2018-10-24,Standard Class,EB-13705,Ed Braxton,Corporate,United States,Akron,Ohio,44312,East,OFF-ST-10000142,Office Supplies,Storage,Deluxe Rollaway Locking File with Drawer,665.408,2,0.2,66.5408,10.0,Medium,No Discount,4,10,2018,True,True,Profitable
464,CA-2017-109869,2017-04-22,2017-04-29,Standard Class,TN-21040,Tanja Norvell,Home Office,United States,Phoenix,Arizona,85023,West,FUR-TA-10001889,Furniture,Tables,Bush Advantage Collection Racetrack Conference Table,1272.63,6,0.5,-814.4832,-64.0,High,No Discount,7,4,2017,True,True,Loss-Making
478,CA-2017-103891,2017-07-12,2017-07-19,Standard Class,KH-16690,Kristen Hastings,Corporate,United States,Los Angeles,California,90008,West,TEC-PH-10000149,Technology,Phones,Cisco SPA525G2 IP Phone - Wireless,95.76,6,0.2,7.182,7.5,Micro,No Discount,7,7,2017,False,False,Break-Even
490,CA-2015-133753,2015-06-09,2015-06-13,Second Class,CW-11905,Carl Weiss,Home Office,United States,Huntsville,Texas,77340,Central,TEC-AC-10000303,Technology,Accessories,Logitech M510 Wireless Mouse,73.58,2,0.2,11.44,16.25,Micro,No Discount,4,6,2015,False,False,Profitable
503,US-2017-105578,2017-05-30,2017-06-04,Standard Class,MY-17380,Maribeth Yedwab,Corporate,United States,Parker,Colorado,80134,West,FUR-CH-10001215,Furniture,Chairs,Global Troy Executive Leather Low-Back Tilter,801.568,2,0.2,50.098,6.25,Medium,No Discount,5,5,2017,False,True,Break-Even
542,CA-2017-136924,2017-07-14,2017-07-17,First Class,ES-14080,Erin Smith,Corporate,United States,Tucson,Arizona,85705,West,TEC-PH-10002262,Technology,Phones,LG Electronics Tone+ HBS-730 Bluetooth Headset,380.864,8,0.2,38.0864,10.0,Low,No Discount,3,7,2017,False,False,Profitable
546,CA-2015-103849,2015-05-11,2015-05-16,Standard Class,PG-18895,Paul Gonzalez,Consumer,United States,Fort Worth,Texas,76106,Central,FUR-FU-10000723,Furniture,Furnishings,"Deflect-o EconoMat Studded, No Bevel Mat for Low Pile Carpeting",76.03,4,0.6,-92.72,-127.5,Micro,No Discount,5,5,2015,False,False,Loss-Making
549,CA-2016-113173,2016-11-15,2016-11-17,Second Class,DK-13225,Dean Katz,Corporate,United States,Chicago,Illinois,60653,Central,OFF-ST-10000604,Office Supplies,Storage,Home/Office Personal File Carts,250.272,9,0.2,15.642,6.25,Low,No Discount,2,11,2016,False,False,Break-Even
551,CA-2016-113173,2016-11-15,2016-11-17,Second Class,DK-13225,Dean Katz,Corporate,United States,Chicago,Illinois,60653,Central,OFF-SU-10001935,Office Supplies,Supplies,Staple remover,8.72,5,0.2,-1.744,-20.0,Micro,No Discount,2,11,2016,False,False,Loss-Making
555,CA-2018-100650,2018-06-29,2018-07-03,Second Class,DK-13225,Dean Katz,Corporate,United States,Anaheim,California,92804,West,OFF-ST-10001780,Office Supplies,Storage,Tennsco 16-Compartment Lockers with Coat Rack,1295.78,2,0.0,310.9872,24.0,High,No Discount,4,6,2018,False,True,Profitable
569,CA-2018-156951,2018-10-01,2018-10-08,Standard Class,EB-13840,Ellis Ballard,Corporate,United States,Seattle,Washington,98105,West,OFF-PA-10004451,Office Supplies,Paper,Xerox 222,19.44,3,0.0,9.3312,48.0,Micro,No Discount,7,10,2018,False,False,Star Performer
573,CA-2018-164826,2018-12-28,2019-01-04,Standard Class,JF-15415,Jennifer Ferguson,Consumer,United States,New York City,New York,10024,East,OFF-BI-10001922,Office Supplies,Binders,Storex Dura Pro Binders,38.25,7,0.2,12.35,33.75,Micro,No Discount,7,12,2018,False,False,Star Performer
574,CA-2018-164826,2018-12-28,2019-01-04,Standard Class,JF-15415,Jennifer Ferguson,Consumer,United States,New York City,New York,10024,East,TEC-PH-10000347,Technology,Phones,Cush Cases Heavy Duty Rugged Cover Case for Samsung Galaxy S5 - Purple,14.85,3,0.0,4.0095,27.0,Micro,No Discount,7,12,2018,False,False,Profitable
589,US-2017-156986,2017-03-20,2017-03-24,Standard Class,ZC-21910,Zuschuss Carroll,Consumer,United States,Salem,Oregon,97301,West,TEC-PH-10003800,Technology,Phones,i.Sound Portable Power - 8000 mAh,84.784,2,0.2,-20.1362,-23.75,Micro,No Discount,4,3,2017,False,False,Loss-Making
597,CA-2015-131450,2015-08-08,2015-08-15,Standard Class,LR-16915,Lena Radford,Consumer,United States,San Diego,California,92024,West,TEC-PH-10002398,Technology,Phones,AT&T 1070 Corded Phone,445.96,5,0.2,55.745,12.5,Low,No Discount,7,8,2015,True,False,Profitable
625,CA-2016-138009,2016-11-29,2016-12-03,Standard Class,SF-20965,Sylvia Foulston,Corporate,United States,Dearborn,Michigan,48126,Central,OFF-ST-10001272,Office Supplies,Storage,"Mini 13-1/2 Capacity Data Binder Rack, Pearl",523.48,4,0.0,130.87,25.0,Medium,No Discount,4,11,2016,False,True,Profitable
626,CA-2016-138009,2016-11-29,2016-12-03,Standard Class,SF-20965,Sylvia Foulston,Corporate,United States,Dearborn,Michigan,48126,Central,OFF-AR-10004042,Office Supplies,Art,"BOSTON Model 1800 Electric Pencil Sharpeners, Putty/Woodgrain",161.82,9,0.0,46.9278,29.0,Low,No Discount,4,11,2016,False,False,Profitable
662,CA-2016-146563,2016-08-24,2016-08-28,Standard Class,CB-12025,Cassandra Brandow,Consumer,United States,Arlington,Texas,76017,Central,FUR-TA-10001768,Furniture,Tables,Hon Racetrack Conference Tables,918.785,5,0.3,-118.1295,-12.86,Medium,No Discount,4,8,2016,False,True,Loss-Making
689,CA-2018-161480,2018-12-25,2018-12-29,Standard Class,RA-19285,Ralph Arnett,Consumer,United States,New York City,New York,10035,East,FUR-BO-10004015,Furniture,Bookcases,"Bush Andora Bookcase, Maple/Graphite Gray Finish",191.984,2,0.2,4.7996,2.5,Low,No Discount,4,12,2018,False,False,Break-Even
690,US-2015-117135,2015-06-21,2015-06-23,Second Class,NP-18325,Naresj Patel,Consumer,United States,Waynesboro,Virginia,22980,South,FUR-FU-10004071,Furniture,Furnishings,Luxo Professional Magnifying Clamp-On Fluorescent Lamps,104.01,1,0.0,14.5614,14.0,Low,No Discount,2,6,2015,True,False,Profitable
703,CA-2017-163755,2017-11-04,2017-11-08,Second Class,AS-10285,Alejandro Savely,Corporate,United States,Seattle,Washington,98103,West,FUR-FU-10003394,Furniture,Furnishings,"""Tenex """"The Solids"""" Textured Chair Mats""",209.88,3,0.0,35.6796,17.0,Low,No Discount,4,11,2017,True,False,Profitable
713,US-2018-100048,2018-05-19,2018-05-24,Standard Class,RS-19765,Roland Schwarz,Corporate,United States,Mount Vernon,New York,10550,East,OFF-AP-10001154,Office Supplies,Appliances,Bionaire Personal Warm Mist Humidifier/Vaporizer,281.34,6,0.0,109.7226,39.0,Low,No Discount,5,5,2018,True,False,Star Performer
724,CA-2015-117429,2015-10-07,2015-10-13,Standard Class,MR-17545,Mathew Reese,Home Office,United States,Philadelphia,Pennsylvania,19140,East,FUR-FU-10000222,Furniture,Furnishings,"""Seth Thomas 16"""" Steel Case Clock""",129.92,5,0.2,21.112,16.25,Low,No Discount,6,10,2015,False,False,Profitable
777,CA-2015-165974,2015-06-29,2015-07-06,Standard Class,DL-12865,Dan Lawera,Consumer,United States,Cincinnati,Ohio,45231,East,OFF-AR-10003405,Office Supplies,Art,"Dixon My First Ticonderoga Pencil, #2",32.76,7,0.2,3.6855,11.25,Micro,No Discount,7,6,2015,False,False,Profitable
848,CA-2016-114300,2016-10-13,2016-10-17,Standard Class,AF-10885,Art Foster,Consumer,United States,Louisville,Kentucky,40214,South,FUR-CH-10001891,Furniture,Chairs,Global Deluxe Office Fabric Chairs,287.94,3,0.0,77.7438,27.0,Low,No Discount,4,10,2016,False,False,Profitable
864,CA-2017-134474,2017-01-05,2017-01-07,Second Class,AJ-10795,Anthony Johnson,Corporate,United States,Jacksonville,Florida,32216,South,OFF-AR-10003958,Office Supplies,Art,Newell 337,6.04,2,0.2,0.65,11.25,Micro,No Discount,2,1,2017,False,False,Profitable
869,CA-2015-136742,2015-04-06,2015-04-10,Standard Class,GP-14740,Guy Phonely,Corporate,United States,Lancaster,Pennsylvania,17602,East,OFF-BI-10003719,Office Supplies,Binders,Large Capacity Hanging Post Binders,44.91,6,0.7,-35.928,-80.0,Micro,No Discount,4,4,2015,False,False,Loss-Making
872,CA-2016-131128,2016-10-19,2016-10-20,First Class,TB-21520,Tracy Blumstein,Consumer,United States,Concord,New Hampshire,3301,East,OFF-PA-10003591,Office Supplies,Paper,Southworth 100% Cotton The Best Paper,34.44,3,0.0,17.22,50.0,Micro,No Discount,1,10,2016,False,False,Star Performer
913,CA-2016-133627,2016-05-31,2016-06-07,Standard Class,SC-20050,Sample Company A,Home Office,United States,Norwich,Connecticut,6360,East,FUR-FU-10001935,Furniture,Furnishings,3M Hangers With Command Adhesive,22.2,6,0.0,9.102,41.0,Micro,No Discount,7,5,2016,False,False,Star Performer
919,CA-2017-165218,2017-03-05,2017-03-11,Standard Class,RW-19630,Rob Williams,Corporate,United States,Dallas,Texas,75220,Central,OFF-EN-10000056,Office Supplies,Envelopes,Cameo Buff Policy Envelopes,149.352,3,0.2,50.4063,33.75,Low,No Discount,6,3,2017,True,False,Star Performer
953,CA-2018-131156,2018-04-03,2018-04-07,Standard Class,KH-16360,Katherine Hughes,Consumer,United States,Philadelphia,Pennsylvania,19143,East,FUR-FU-10001940,Furniture,Furnishings,Staple-based wall hangings,25.472,4,0.2,7.6416,30.0,Micro,No Discount,4,4,2018,False,False,Star Performer
956,CA-2018-119305,2018-11-30,2018-12-04,Standard Class,SW-20275,Scott Williamson,Consumer,United States,Jackson,Mississippi,39212,South,OFF-ST-10000604,Office Supplies,Storage,Home/Office Personal File Carts,173.8,5,0.0,43.45,25.0,Low,No Discount,4,11,2018,False,False,Profitable
982,CA-2015-163419,2015-11-11,2015-11-14,Second Class,TZ-21580,Tracy Zic,Consumer,United States,Louisville,Colorado,80027,West,OFF-AR-10000034,Office Supplies,Art,"BIC Brite Liner Grip Highlighters, Assorted, 5/Pack",3.392,1,0.2,0.8056,23.75,Micro,No Discount,3,11,2015,False,False,Profitable
992,CA-2017-110023,2017-09-09,2017-09-11,First Class,TS-21610,Troy Staebel,Consumer,United States,New York City,New York,10024,East,OFF-BI-10001036,Office Supplies,Binders,Cardinal EasyOpen D-Ring Binders,14.624,2,0.2,5.484,37.5,Micro,No Discount,2,9,2017,True,False,Star Performer
1005,CA-2016-126445,2016-08-27,2016-08-31,Standard Class,RA-19945,Ryan Akin,Consumer,United States,Murrieta,California,92563,West,OFF-ST-10000046,Office Supplies,Storage,Fellowes Super Stor/Drawer Files,557.35,3,0.0,101.29,19.0,Low,No Discount,4,8,2016,True,False,Profitable
1053,US-2016-153500,2016-07-03,2016-07-05,First Class,DG-13300,Deirdre Greer,Corporate,United States,Philadelphia,Pennsylvania,19134,East,FUR-FU-10004460,Furniture,Furnishings,"""Howard Miller 12"""" Round Wall Clock""",282.888,9,0.2,56.5776,20.0,Low,No Discount,2,7,2016,True,False,Profitable
1055,CA-2016-110667,2016-04-04,2016-04-08,Standard Class,NF-18595,Nicole Fjeld,Home Office,United States,New York City,New York,10009,East,FUR-FU-10004622,Furniture,Furnishings,Eldon Advantage Foldable Chair Mats for Low Pile Carpets,108.4,2,0.0,22.764,21.0,Low,No Discount,4,4,2016,False,False,Profitable
1077,CA-2017-161781,2017-09-29,2017-09-30,First Class,CC-12100,Chad Cunningham,Home Office,United States,Columbus,Indiana,47201,Central,OFF-AR-10000255,Office Supplies,Art,Newell 328,40.88,7,0.0,10.6288,26.0,Micro,No Discount,1,9,2017,False,False,Profitable
1082,CA-2016-110016,2016-11-29,2016-12-04,Standard Class,BT-11395,Bill Tyler,Corporate,United States,Detroit,Michigan,48227,Central,FUR-CH-10002880,Furniture,Chairs,"Global High-Back Leather Tilter, Burgundy",1106.91,9,0.0,121.7601,11.0,High,No Discount,5,11,2016,False,True,Profitable
1087,CA-2017-167584,2017-08-12,2017-08-12,Same Day,LC-16870,Lena Cacioppo,Consumer,United States,Des Moines,Iowa,50315,Central,OFF-PA-10000029,Office Supplies,Paper,Xerox 224,6.48,1,0.0,3.1104,48.0,Micro,No Discount,0,8,2017,True,False,Star Performer
1094,CA-2016-165085,2016-12-27,2016-12-31,Standard Class,BT-11485,Brad Thomas,Home Office,United States,Clinton,Maryland,20735,East,OFF-PA-10000605,Office Supplies,Paper,Xerox 1950,28.9,5,0.0,14.161,49.0,Micro,No Discount,4,12,2016,False,False,Star Performer
1100,CA-2017-107216,2017-06-14,2017-06-17,First Class,PV-18985,Paul Van Hugh,Home Office,United States,San Francisco,California,94122,West,FUR-FU-10000206,Furniture,Furnishings,"GE General Purpose, Extra Long Life, Showcase & Floodlight Incandescent Bulbs",8.73,3,0.0,4.1031,47.0,Micro,No Discount,3,6,2017,False,False,Star Performer
1116,CA-2018-140585,2018-12-18,2018-12-23,Second Class,RA-19915,Russell Applegate,Consumer,United States,Encinitas,California,92024,West,TEC-AC-10003610,Technology,Accessories,LogitechÂ Illuminated - Keyboard,119.98,2,0.0,57.5904,48.0,Low,No Discount,5,12,2018,False,False,Star Performer
1122,US-2015-147627,2015-01-20,2015-01-26,Standard Class,HL-15040,Hunter Lopez,Consumer,United States,Jonesboro,Arkansas,72401,South,TEC-PH-10001061,Technology,Phones,Apple iPhone 5C,699.93,7,0.0,181.9818,26.0,Medium,No Discount,6,1,2015,False,True,Profitable
1135,US-2017-134908,2017-06-05,2017-06-09,Standard Class,JS-15940,Joni Sundaresam,Home Office,United States,Philadelphia,Pennsylvania,19134,East,OFF-LA-10000973,Office Supplies,Labels,Avery 502,7.56,3,0.2,2.646,35.0,Micro,No Discount,4,6,2017,False,False,Star Performer
1150,CA-2016-112452,2016-04-04,2016-04-04,Same Day,NC-18340,Nat Carroll,Consumer,United States,Lansing,Michigan,48911,Central,TEC-PH-10000307,Technology,Phones,Shocksock Galaxy S4 Armband,10.95,1,0.0,0.438,4.0,Micro,No Discount,0,4,2016,False,False,Break-Even
1166,CA-2015-117709,2015-05-04,2015-05-08,Standard Class,PM-18940,Paul MacIntyre,Consumer,United States,Jackson,Michigan,49201,Central,OFF-BI-10001294,Office Supplies,Binders,Fellowes Binding Cases,46.8,4,0.0,21.06,45.0,Micro,No Discount,4,5,2015,False,False,Star Performer
1181,CA-2015-128146,2015-06-21,2015-06-25,Standard Class,DB-13060,Dave Brooks,Consumer,United States,Lakewood,New Jersey,8701,East,TEC-PH-10004539,Technology,Phones,Wireless Extenders zBoost YX545 SOHO Signal Booster,1322.93,7,0.0,357.1911,27.0,High,No Discount,4,6,2015,True,True,Profitable
1187,CA-2015-127131,2015-11-24,2015-11-30,Standard Class,HR-14830,Harold Ryan,Corporate,United States,Seattle,Washington,98103,West,OFF-PA-10001800,Office Supplies,Paper,Xerox 220,25.92,4,0.0,12.4416,48.0,Micro,No Discount,6,11,2015,False,False,Star Performer
1194,US-2016-130519,2016-09-15,2016-09-15,Same Day,NG-18355,Nat Gilpin,Corporate,United States,Coral Springs,Florida,33065,South,OFF-PA-10001937,Office Supplies,Paper,Xerox 21,17.88,3,0.2,5.99,35.0,Micro,No Discount,0,9,2016,False,False,Star Performer
1196,US-2016-130519,2016-09-15,2016-09-15,Same Day,NG-18355,Nat Gilpin,Corporate,United States,Coral Springs,Florida,33065,South,OFF-ST-10001321,Office Supplies,Storage,"Decoflex Hanging Personal Folder File, Blue",24.672,2,0.2,2.1588,8.75,Micro,No Discount,0,9,2016,False,False,Break-Even
1210,CA-2017-137050,2017-07-14,2017-07-18,Second Class,SW-20755,Steven Ward,Corporate,United States,New York City,New York,10009,East,OFF-AR-10004999,Office Supplies,Art,Newell 315,41.86,7,0.0,10.465,25.0,Micro,No Discount,4,7,2017,False,False,Profitable
1219,US-2018-118087,2018-09-09,2018-09-13,Standard Class,SP-20620,Stefania Perrino,Corporate,United States,Philadelphia,Pennsylvania,19134,East,TEC-AC-10003174,Technology,Accessories,Plantronics S12 Corded Telephone Headset System,258.696,3,0.2,64.674,25.0,Low,No Discount,4,9,2018,True,False,Profitable
1225,CA-2017-126004,2017-12-04,2017-12-05,First Class,BM-11140,Becky Martin,Consumer,United States,New York City,New York,10024,East,OFF-BI-10004656,Office Supplies,Binders,Peel & Stick Add-On Corner Pockets,1.728,1,0.2,0.6048,35.0,Micro,No Discount,1,12,2017,False,False,Star Performer
1241,CA-2015-127012,2015-08-11,2015-08-15,Standard Class,GM-14680,Greg Matthias,Consumer,United States,Seattle,Washington,98105,West,OFF-FA-10004854,Office Supplies,Fasteners,"Vinyl Coated Wire Paper Clips in Organizer Box, 800/Box",22.96,2,0.0,10.7912,47.0,Micro,No Discount,4,8,2015,False,False,Star Performer
1256,CA-2018-144638,2018-03-10,2018-03-14,Standard Class,MH-18115,Mick Hernandez,Home Office,United States,Chester,Pennsylvania,19013,East,FUR-FU-10003724,Furniture,Furnishings,Westinghouse Clip-On Gooseneck Lamps,6.696,1,0.2,0.5022,7.5,Micro,No Discount,4,3,2018,True,False,Break-Even
1259,US-2017-168620,2017-12-24,2017-12-28,Second Class,RB-19795,Ross Baird,Home Office,United States,Charlotte,North Carolina,28205,South,OFF-ST-10003716,Office Supplies,Storage,Tennsco Double-Tier Lockers,540.048,3,0.2,-47.2542,-8.75,Medium,No Discount,4,12,2017,True,True,Loss-Making
1264,CA-2017-155992,2017-10-01,2017-10-02,First Class,CC-12220,Chris Cortes,Consumer,United States,La Porte,Indiana,46350,Central,TEC-PH-10000215,Technology,Phones,Plantronics CordlessÂ Phone HeadsetÂ with In-line Volume - M214C,69.9,2,0.0,18.873,27.0,Micro,No Discount,1,10,2017,True,False,Profitable
1271,US-2017-103646,2017-04-21,2017-04-26,Standard Class,SP-20545,Sibella Parks,Corporate,United States,Chicago,Illinois,60623,Central,OFF-ST-10000563,Office Supplies,Storage,Fellowes Bankers Box Stor/Drawer Steel Plus,102.336,4,0.2,-12.792,-12.5,Low,No Discount,5,4,2017,False,False,Loss-Making
1363,CA-2018-125199,2018-10-19,2018-10-25,Standard Class,HM-14860,Harry Marie,Corporate,United States,Philadelphia,Pennsylvania,19120,East,TEC-PH-10001336,Technology,Phones,Digium D40 VoIP phone,309.576,4,0.4,-56.7556,-18.33,Low,No Discount,6,10,2018,False,False,Loss-Making
1364,US-2018-155425,2018-11-10,2018-11-11,First Class,AB-10600,Ann Blume,Corporate,United States,Tucson,Arizona,85705,West,OFF-BI-10001036,Office Supplies,Binders,Cardinal EasyOpen D-Ring Binders,38.388,14,0.7,-25.592,-66.67,Micro,No Discount,1,11,2018,True,False,Loss-Making
1376,CA-2015-126361,2015-08-04,2015-08-09,Second Class,VD-21670,Valerie Dominguez,Consumer,United States,Pleasant Grove,Utah,84062,West,OFF-AP-10003590,Office Supplies,Appliances,Hoover WindTunnel Plus Canister Vacuum,1089.75,3,0.0,305.13,28.0,High,No Discount,5,8,2015,False,True,Profitable
1384,US-2017-108504,2017-02-05,2017-02-05,Same Day,PP-18955,Paul Prost,Home Office,United States,Smyrna,Georgia,30080,South,OFF-PA-10001289,Office Supplies,Paper,White Computer Printout Paper by Universal,348.84,9,0.0,170.9316,49.0,Low,No Discount,0,2,2017,True,False,Star Performer
1392,US-2017-108504,2017-02-05,2017-02-05,Same Day,PP-18955,Paul Prost,Home Office,United States,Smyrna,Georgia,30080,South,OFF-ST-10004804,Office Supplies,Storage,"""Belkin 19"""" Vented Equipment Shelf"," Black""",154,3.0,0.0,0.0,Micro,Heavy (>40%),0,2,2017,True,False,Break-Even
1403,US-2017-161396,2017-04-19,2017-04-25,Standard Class,GM-14455,Gary Mitchum,Home Office,United States,Columbus,Ohio,43229,East,FUR-TA-10002622,Furniture,Tables,"Bush Andora Conference Table, Maple/Graphite Gray Finish",205.176,2,0.4,-58.1332,-28.33,Low,No Discount,6,4,2017,False,False,Loss-Making
1406,US-2015-118486,2015-04-06,2015-04-08,First Class,SD-20485,Shirley Daniels,Home Office,United States,Philadelphia,Pennsylvania,19143,East,FUR-TA-10001039,Furniture,Tables,KI Adjustable-Height Table,154.764,3,0.4,-36.1116,-23.33,Low,No Discount,2,4,2015,False,False,Loss-Making
1430,US-2016-164448,2016-10-31,2016-11-04,Second Class,DK-12835,Damala Kotsonis,Corporate,United States,Salinas,California,93905,West,OFF-LA-10003510,Office Supplies,Labels,"Avery 4027 File Folder Labels for Dot Matrix Printers, 5000 Labels per Box, White",427.42,14,0.0,196.6132,46.0,Low,No Discount,4,10,2016,False,False,Star Performer
1434,CA-2015-120768,2015-12-19,2015-12-21,Second Class,IM-15070,Irene Maddox,Consumer,United States,Florence,Alabama,35630,South,FUR-CH-10000513,Furniture,Chairs,High-Back Leather Manager's Chair,1819.86,14,0.0,163.7874,9.0,High,No Discount,2,12,2015,True,True,Break-Even
1497,CA-2018-152485,2018-09-04,2018-09-08,Standard Class,JD-15790,John Dryer,Consumer,United States,Coppell,Texas,75019,Central,OFF-ST-10004950,Office Supplies,Storage,Acco Perma 3000 Stacking Storage Drawers,16.784,1,0.2,-0.2098,-1.25,Micro,No Discount,4,9,2018,False,False,Loss-Making
1535,CA-2018-124086,2018-02-10,2018-02-14,Standard Class,MP-18175,Mike Pelletier,Home Office,United States,Laguna Niguel,California,92677,West,FUR-BO-10004015,Furniture,Bookcases,"Bush Andora Bookcase, Maple/Graphite Gray Finish",203.983,2,0.15,16.7986,8.24,Low,No Discount,4,2,2018,True,False,Break-Even
1540,CA-2018-121888,2018-09-15,2018-09-17,Second Class,CL-11890,Carl Ludwig,Consumer,United States,Everett,Massachusetts,2149,East,FUR-BO-10002545,Furniture,Bookcases,"Atlantic Metals Mobile 3-Shelf Bookcases, Custom Colors",782.94,3,0.0,203.5644,26.0,Medium,No Discount,2,9,2018,True,True,Profitable
1553,CA-2015-130274,2015-05-03,2015-05-05,First Class,JS-15940,Joni Sundaresam,Home Office,United States,Appleton,Wisconsin,54915,Central,OFF-LA-10002195,Office Supplies,Labels,Avery 481,21.56,7,0.0,10.3488,48.0,Micro,No Discount,2,5,2015,True,False,Star Performer
1599,CA-2018-158876,2018-11-19,2018-11-21,Second Class,AB-10150,Aimee Bixby,Consumer,United States,Carrollton,Texas,75007,Central,OFF-SU-10001165,Office Supplies,Supplies,Acme Elite Stainless Steel Scissors,6.672,1,0.2,0.5004,7.5,Micro,No Discount,2,11,2018,False,False,Break-Even
1627,CA-2016-164539,2016-11-16,2016-11-22,Standard Class,PO-19180,Philisse Overcash,Home Office,United States,New York City,New York,10011,East,OFF-AP-10002457,Office Supplies,Appliances,"Eureka The Boss Plus 12-Amp Hard Box Upright Vacuum, Red",523.25,5,0.0,141.2775,27.0,Medium,No Discount,6,11,2016,False,True,Profitable
1637,CA-2015-168984,2015-11-26,2015-12-02,Standard Class,NW-18400,Natalie Webber,Consumer,United States,Tigard,Oregon,97224,West,OFF-ST-10001097,Office Supplies,Storage,Office Impressions Heavy Duty Welded Shelving & Multimedia Storage Drawers,669.08,5,0.2,-167.27,-25.0,Medium,No Discount,6,11,2015,False,True,Loss-Making
1638,CA-2015-168984,2015-11-26,2015-12-02,Standard Class,NW-18400,Natalie Webber,Consumer,United States,Tigard,Oregon,97224,West,TEC-PH-10000038,Technology,Phones,Jawbone MINI JAMBOX Wireless Bluetooth Speaker,438.336,4,0.2,-87.6672,-20.0,Low,No Discount,6,11,2015,False,False,Loss-Making
1650,CA-2016-120341,2016-09-26,2016-09-29,Second Class,SF-20200,Sarah Foster,Consumer,United States,Philadelphia,Pennsylvania,19143,East,TEC-PH-10003357,Technology,Phones,Grandstream GXP2100 Mainstream Business Phone,45.894,1,0.4,-9.1788,-20.0,Micro,No Discount,3,9,2016,False,False,Loss-Making
1660,CA-2018-127285,2018-10-30,2018-11-06,Standard Class,MM-18055,Michelle Moray,Consumer,United States,Seattle,Washington,98115,West,OFF-BI-10004330,Office Supplies,Binders,"GBC Velobind Prepunched Cover Sets, Regency Series",88.752,3,0.2,27.735,31.25,Micro,No Discount,7,10,2018,False,False,Star Performer
1668,CA-2017-128531,2017-11-24,2017-11-26,Second Class,NS-18505,Neola Schneider,Consumer,United States,Dallas,Texas,75217,Central,OFF-PA-10000167,Office Supplies,Paper,Xerox 1925,85.5,3,0.2,25.56,31.25,Micro,No Discount,2,11,2017,False,False,Star Performer
1691,CA-2018-129833,2018-12-09,2018-12-15,Standard Class,HF-14995,Herbert Flentye,Consumer,United States,Indianapolis,Indiana,46203,Central,OFF-PA-10000575,Office Supplies,Paper,"Wirebound Message Books, Four 2 3/4 x 5 White Forms per Page",38.47,5,0.0,16.93,46.0,Micro,No Discount,6,12,2018,True,False,Star Performer
1705,CA-2017-106306,2017-03-08,2017-03-08,Same Day,PG-18820,Patrick Gardner,Consumer,United States,Glendale,Arizona,85301,West,OFF-BI-10003676,Office Supplies,Binders,"GBC Standard Recycled Report Covers, Clear Plastic Sheets",11.16,3,0.7,-7.83,-73.33,Micro,No Discount,0,3,2017,False,False,Loss-Making
1723,US-2016-123218,2016-12-20,2016-12-25,Standard Class,KD-16345,Katherine Ducich,Consumer,United States,Chicago,Illinois,60623,Central,TEC-AC-10000736,Technology,Accessories,Logitech G600 MMO Gaming Mouse,255.968,4,0.2,51.1936,20.0,Low,No Discount,5,12,2016,False,False,Profitable
1763,CA-2016-130785,2016-09-05,2016-09-09,Standard Class,AG-10900,Arthur Gainer,Consumer,United States,San Diego,California,92105,West,FUR-BO-10003159,Furniture,Bookcases,"Sauder Camden County Collection Libraries, Planked Cherry Finish",293.199,3,0.15,-20.6964,-7.06,Low,No Discount,4,9,2016,False,False,Loss-Making
1765,CA-2017-110254,2017-08-04,2017-08-08,Standard Class,ML-17755,Max Ludwig,Home Office,United States,Suffolk,Virginia,23434,South,OFF-LA-10004484,Office Supplies,Labels,Avery 476,4.13,1,0.0,1.8998,46.0,Micro,No Discount,4,8,2017,False,False,Star Performer
1776,CA-2015-118976,2015-04-28,2015-05-03,Standard Class,MY-18295,Muhammed Yedwab,Corporate,United States,Baltimore,Maryland,21215,East,OFF-AR-10004752,Office Supplies,Art,Blackstonian Pencils,5.34,2,0.0,1.4952,28.0,Micro,No Discount,5,4,2015,False,False,Profitable
1777,CA-2015-118976,2015-04-28,2015-05-03,Standard Class,MY-18295,Muhammed Yedwab,Corporate,United States,Baltimore,Maryland,21215,East,OFF-LA-10000452,Office Supplies,Labels,Avery 488,3.15,1,0.0,1.512,48.0,Micro,No Discount,5,4,2015,False,False,Star Performer
1779,CA-2016-105347,2016-11-24,2016-11-28,Standard Class,DP-13000,Darren Powers,Consumer,United States,Los Angeles,California,90004,West,OFF-AR-10003045,Office Supplies,Art,Prang Colored Pencils,14.7,5,0.0,6.615,45.0,Micro,No Discount,4,11,2016,False,False,Star Performer
1784,CA-2018-166317,2018-09-22,2018-09-26,Standard Class,JE-15610,Jim Epp,Corporate,United States,Milwaukee,Wisconsin,53209,Central,OFF-PA-10004475,Office Supplies,Paper,Xerox 1940,219.84,4,0.0,107.7216,49.0,Low,No Discount,4,9,2018,True,False,Star Performer
1804,CA-2018-158379,2018-09-22,2018-09-26,Second Class,JA-15970,Joseph Airdo,Consumer,United States,Philadelphia,Pennsylvania,19134,East,OFF-SU-10002881,Office Supplies,Supplies,Martin Yale Chadless Opener Electric Letter Opener,4663.736,7,0.2,-1049.3406,-22.5,High,No Discount,4,9,2018,True,True,Loss-Making
1811,CA-2017-165484,2017-10-23,2017-10-29,Standard Class,HK-14890,Heather Kirkland,Corporate,United States,Chicago,Illinois,60610,Central,OFF-PA-10000595,Office Supplies,Paper,Xerox 1929,54.816,3,0.2,17.8152,32.5,Micro,No Discount,6,10,2017,False,False,Star Performer
1813,US-2018-161193,2018-11-20,2018-11-26,Standard Class,BT-11680,Brian Thompson,Consumer,United States,Newark,Ohio,43055,East,FUR-FU-10001861,Furniture,Furnishings,"Floodlight Indoor Halogen Bulbs, 1 Bulb per Pack, 60 Watts",89.24,5,0.2,30.94,36.25,Micro,No Discount,6,11,2018,False,False,Star Performer
1817,CA-2016-164833,2016-06-04,2016-06-04,Same Day,LL-16840,Lauren Leatherbury,Consumer,United States,Seattle,Washington,98105,West,OFF-AR-10004685,Office Supplies,Art,"Binney & Smith Crayola Metallic Colored Pencils, 8-Color Set",9.26,2,0.0,3.0558,33.0,Micro,No Discount,0,6,2016,True,False,Star Performer
1887,CA-2015-140165,2015-05-13,2015-05-15,First Class,EH-14005,Erica Hernandez,Home Office,United States,Hialeah,Florida,33012,South,OFF-FA-10002815,Office Supplies,Fasteners,Staples,7.104,2,0.2,2.3976,33.75,Micro,No Discount,2,5,2015,False,False,Star Performer
1903,CA-2018-167094,2018-10-21,2018-10-22,First Class,DK-12835,Damala Kotsonis,Corporate,United States,Springfield,Oregon,97477,West,OFF-PA-10003953,Office Supplies,Paper,Xerox 218,5.184,1,0.2,1.8144,35.0,Micro,No Discount,1,10,2018,True,False,Star Performer
1917,CA-2018-124597,2018-04-30,2018-05-05,Standard Class,AS-10630,Ann Steele,Home Office,United States,Boynton Beach,Florida,33437,South,OFF-LA-10001569,Office Supplies,Labels,Avery 499,11.952,3,0.2,3.8844,32.5,Micro,No Discount,5,4,2018,False,False,Star Performer
1946,CA-2017-108581,2017-06-20,2017-06-26,Standard Class,EA-14035,Erin Ashbrook,Corporate,United States,Carrollton,Texas,75007,Central,OFF-PA-10000809,Office Supplies,Paper,Xerox 206,11.92,2,0.2,3.99,35.0,Micro,No Discount,6,6,2017,False,False,Star Performer
1957,CA-2018-157987,2018-09-02,2018-09-06,Standard Class,AC-10615,Ann Chong,Corporate,United States,New York City,New York,10009,East,TEC-AC-10000109,Technology,Accessories,Sony Micro Vault Click 16 GB USB 2.0 Flash Drive,167.97,3,0.0,40.3128,24.0,Low,No Discount,4,9,2018,True,False,Profitable
2003,CA-2018-163510,2018-12-25,2018-12-28,Second Class,JW-15955,Joni Wasserman,Consumer,United States,Louisville,Kentucky,40214,South,OFF-ST-10000563,Office Supplies,Storage,Fellowes Bankers Box Stor/Drawer Steel Plus,95.94,3,0.0,9.594,10.0,Micro,No Discount,3,12,2018,False,False,Profitable
2004,CA-2018-163510,2018-12-25,2018-12-28,Second Class,JW-15955,Joni Wasserman,Consumer,United States,Louisville,Kentucky,40214,South,FUR-CH-10001146,Furniture,Chairs,"Global Value Mid-Back Manager's Chair, Gray",304.45,5,0.0,76.1125,25.0,Low,No Discount,3,12,2018,False,False,Profitable
2008,CA-2018-165386,2018-08-03,2018-08-04,First Class,CM-12190,Charlotte Melton,Consumer,United States,Chicago,Illinois,60623,Central,FUR-BO-10003034,Furniture,Bookcases,"O'Sullivan Elevations Bookcase, Cherry Finish",183.372,2,0.3,-36.6744,-20.0,Low,No Discount,1,8,2018,False,False,Loss-Making
2019,CA-2016-113110,2016-03-19,2016-03-23,Standard Class,BK-11260,Berenike Kampe,Consumer,United States,San Bernardino,California,92404,West,OFF-SU-10001165,Office Supplies,Supplies,Acme Elite Stainless Steel Scissors,33.36,4,0.0,8.6736,26.0,Micro,No Discount,4,3,2016,True,False,Profitable
2023,CA-2017-168354,2017-09-19,2017-09-21,First Class,RH-19510,Rick Huthwaite,Home Office,United States,Providence,Rhode Island,2908,East,OFF-BI-10004826,Office Supplies,Binders,JM Magazine Binder,49.53,3,0.0,23.7744,48.0,Micro,No Discount,2,9,2017,False,False,Star Performer
2033,CA-2017-128923,2017-12-09,2017-12-13,Standard Class,GB-14530,George Bell,Corporate,United States,Fort Worth,Texas,76106,Central,OFF-PA-10002250,Office Supplies,Paper,Things To Do Today Pad,9.392,2,0.2,3.2872,35.0,Micro,No Discount,4,12,2017,True,False,Star Performer
2084,CA-2015-110352,2015-11-23,2015-11-29,Standard Class,ED-13885,Emily Ducich,Home Office,United States,Houston,Texas,77036,Central,OFF-LA-10003923,Office Supplies,Labels,Alphabetical Labels for Top Tab Filing,23.68,2,0.2,8.88,37.5,Micro,No Discount,6,11,2015,False,False,Star Performer
2125,CA-2018-144862,2018-12-01,2018-12-05,Standard Class,EH-14005,Erica Hernandez,Home Office,United States,Philadelphia,Pennsylvania,19143,East,OFF-EN-10003040,Office Supplies,Envelopes,Quality Park Security Envelopes,104.68,5,0.2,35.3295,33.75,Low,No Discount,4,12,2018,True,False,Star Performer
2127,CA-2015-126032,2015-06-23,2015-06-28,Standard Class,BS-11665,Brian Stugart,Consumer,United States,Philadelphia,Pennsylvania,19143,East,TEC-AC-10000158,Technology,Accessories,Sony 64GB Class 10 Micro SDHC R40 Memory Card,86.376,3,0.2,1.0797,1.25,Micro,No Discount,5,6,2015,False,False,Break-Even
2128,CA-2016-134859,2016-10-04,2016-10-09,Standard Class,JK-16120,Julie Kriz,Home Office,United States,Philadelphia,Pennsylvania,19134,East,FUR-FU-10003623,Furniture,Furnishings,"DataProducts Ampli Magnifier Task Lamp, Black,",64.944,3,0.2,6.4944,10.0,Micro,No Discount,5,10,2016,False,False,Profitable
2142,CA-2015-159520,2015-06-06,2015-06-11,Standard Class,GT-14635,Grant Thornton,Corporate,United States,Long Beach,New York,11561,East,FUR-TA-10003238,Furniture,Tables,"""Chromcraft Bull-Nose Wood 48"""" x 96"""" Rectangular Conference Tables""",991.764,3,0.4,-347.1174,-35.0,Medium,No Discount,5,6,2015,True,True,Loss-Making
2173,CA-2015-152296,2015-08-01,2015-08-03,First Class,IL-15100,Ivan Liston,Consumer,United States,San Francisco,California,94122,West,OFF-BI-10004506,Office Supplies,Binders,Wilson Jones data.warehouse D-Ring Binders with DublLock,22.71,3,0.2,7.6,35.0,Micro,No Discount,2,8,2015,True,False,Star Performer
2175,CA-2016-132507,2016-07-30,2016-08-03,Second Class,CC-12610,Corey Catlett,Corporate,United States,Houston,Texas,77041,Central,OFF-ST-10000943,Office Supplies,Storage,Eldon ProFile File 'N Store Portable File Tub Letter/Legal Size Black,61.792,4,0.2,6.1792,10.0,Micro,No Discount,4,7,2016,True,False,Profitable
2197,CA-2017-136483,2017-12-01,2017-12-06,Standard Class,AG-10390,Allen Goldenen,Consumer,United States,Knoxville,Tennessee,37918,South,OFF-AR-10000940,Office Supplies,Art,Newell 343,4.704,2,0.2,0.4116,8.75,Micro,No Discount,5,12,2017,False,False,Break-Even
2224,CA-2016-131884,2016-12-06,2016-12-06,Same Day,DK-13375,Dennis Kane,Consumer,United States,Marion,Ohio,43302,East,FUR-CH-10004860,Furniture,Chairs,Global Low Back Tilter Chair,70.686,1,0.3,-24.2352,-34.29,Micro,No Discount,0,12,2016,False,False,Loss-Making
2231,CA-2015-128055,2015-03-31,2015-04-05,Standard Class,AA-10315,Alex Avila,Consumer,United States,San Francisco,California,94122,West,OFF-AP-10002765,Office Supplies,Appliances,Fellowes Advanced Computer Series Surge Protectors,52.98,2,0.0,14.8344,28.0,Micro,No Discount,5,3,2015,False,False,Profitable
2263,CA-2018-122994,2018-02-06,2018-02-09,First Class,MV-17485,Mark Van Huff,Consumer,United States,Arlington,Virginia,22204,South,FUR-BO-10004015,Furniture,Bookcases,"Bush Andora Bookcase, Maple/Graphite Gray Finish",359.97,3,0.0,79.1934,22.0,Low,No Discount,3,2,2018,False,False,Profitable
2270,CA-2018-105480,2018-12-20,2018-12-26,Standard Class,DK-13225,Dean Katz,Corporate,United States,Rochester,New York,14609,East,OFF-BI-10003291,Office Supplies,Binders,Wilson Jones Leather-Like Binders with DublLock Round Rings,6.984,1,0.2,2.3571,33.75,Micro,No Discount,6,12,2018,False,False,Star Performer
2273,CA-2016-142944,2016-03-06,2016-03-11,Standard Class,JL-15850,John Lucas,Consumer,United States,San Francisco,California,94122,West,FUR-FU-10000308,Furniture,Furnishings,Deflect-o Glass Clear Studded Chair Mats,435.26,7,0.0,95.7572,22.0,Low,No Discount,5,3,2016,True,False,Profitable
2282,CA-2018-142622,2018-10-30,2018-11-02,First Class,JK-15625,Jim Karlsson,Consumer,United States,Seattle,Washington,98115,West,FUR-BO-10004467,Furniture,Bookcases,Bestar Classic Bookcase,199.98,2,0.0,37.9962,19.0,Low,No Discount,3,10,2018,False,False,Profitable
2319,CA-2018-122035,2018-07-20,2018-07-25,Standard Class,EM-13825,Elizabeth Moffitt,Corporate,United States,Sioux Falls,South Dakota,57103,Central,TEC-AC-10003095,Technology,Accessories,Logitech G35 7.1-Channel Surround Sound Headset,389.97,3,0.0,132.5898,34.0,Low,No Discount,5,7,2018,False,False,Star Performer
2358,US-2015-148838,2015-03-17,2015-03-21,Standard Class,CP-12340,Christine Phan,Corporate,United States,New York City,New York,10024,East,FUR-TA-10003473,Furniture,Tables,Bretford Rectangular Conference Table Tops,1579.746,7,0.4,-447.5947,-28.33,High,No Discount,4,3,2015,False,True,Loss-Making
2372,CA-2017-159940,2017-07-07,2017-07-11,Second Class,BF-11020,Barry FranzÃ¶sisch,Corporate,United States,Aurora,Illinois,60505,Central,FUR-FU-10004973,Furniture,Furnishings,Flat Face Poster Frame,60.288,8,0.6,-27.1296,-45.0,Micro,No Discount,4,7,2017,False,False,Loss-Making
2382,CA-2017-118052,2017-05-06,2017-05-10,Standard Class,BE-11455,Brad Eason,Home Office,United States,Lorain,Ohio,44052,East,FUR-FU-10004848,Furniture,Furnishings,DAX Solid Wood Frames,54.712,7,0.2,11.6263,21.25,Micro,No Discount,4,5,2017,True,False,Profitable
2384,US-2018-117534,2018-03-25,2018-03-26,First Class,CV-12295,Christina VanderZanden,Consumer,United States,Fresno,California,93727,West,OFF-AR-10003087,Office Supplies,Art,Staples in misc. colors,16.02,9,0.0,4.4856,28.0,Micro,No Discount,1,3,2018,True,False,Profitable
2417,CA-2018-168655,2018-10-12,2018-10-18,Standard Class,ML-18040,Michelle Lonsdale,Corporate,United States,Albuquerque,New Mexico,87105,West,TEC-AC-10002842,Technology,Accessories,WD My Passport Ultra 2TB Portable External Hard Drive,595.0,5,0.0,95.2,16.0,Medium,No Discount,6,10,2018,False,True,Profitable
2478,CA-2018-102750,2018-09-04,2018-09-08,Second Class,GM-14695,Greg Maxwell,Corporate,United States,Los Angeles,California,90036,West,FUR-TA-10000198,Furniture,Tables,Chromcraft Bull-Nose Wood Oval Conference Tables & Bases,1322.352,3,0.2,-99.1764,-7.5,High,No Discount,4,9,2018,False,True,Loss-Making
2490,CA-2016-141040,2016-10-09,2016-10-13,Second Class,TB-21250,Tim Brockman,Consumer,United States,New York City,New York,10024,East,TEC-PH-10001835,Technology,Phones,Jawbone JAMBOX Wireless Bluetooth Speaker,631.96,4,0.0,303.3408,48.0,Medium,No Discount,4,10,2016,True,True,Star Performer
2505,CA-2015-143917,2015-07-25,2015-07-27,Second Class,KL-16645,Ken Lonsdale,Consumer,United States,San Francisco,California,94122,West,OFF-ST-10001228,Office Supplies,Storage,"Fellowes Personal Hanging Folder Files, Navy",53.72,4,0.0,15.0416,28.0,Micro,No Discount,2,7,2015,True,False,Profitable
2514,CA-2017-124506,2017-11-11,2017-11-17,Standard Class,BB-11545,Brenda Bowman,Corporate,United States,Chicago,Illinois,60623,Central,TEC-AC-10003280,Technology,Accessories,Belkin F8E887 USB Wired Ergonomic Keyboard,95.968,4,0.2,1.1996,1.25,Micro,No Discount,6,11,2017,True,False,Break-Even
2523,CA-2017-124352,2017-10-15,2017-10-21,Standard Class,CD-12790,Cynthia Delaney,Home Office,United States,Oklahoma City,Oklahoma,73120,Central,TEC-PH-10003442,Technology,Phones,Samsung Replacement EH64AVFWE Premium Headset,5.5,1,0.0,1.375,25.0,Micro,No Discount,6,10,2017,True,False,Profitable
2579,US-2015-155502,2015-01-26,2015-01-31,Standard Class,SD-20485,Shirley Daniels,Home Office,United States,Alexandria,Virginia,22304,South,FUR-FU-10004587,Furniture,Furnishings,"GE General Use Halogen Bulbs, 100 Watts, 1 Bulb per Pack",72.24,3,0.0,33.86,49.0,Micro,No Discount,5,1,2015,False,False,Star Performer
2586,CA-2016-121041,2016-11-03,2016-11-10,Standard Class,CS-12250,Chris Selesnick,Corporate,United States,Haltom City,Texas,76117,Central,OFF-EN-10001137,Office Supplies,Envelopes,"#10 Gummed Flap White Envelopes, 100/Box",6.608,2,0.2,2.1476,32.5,Micro,No Discount,7,11,2016,False,False,Star Performer
2602,CA-2017-165848,2017-06-04,2017-06-04,Same Day,EN-13780,Edward Nazzal,Consumer,United States,New York City,New York,10035,East,OFF-PA-10000349,Office Supplies,Paper,Easy-staple paper,17.18,3,0.0,7.72,47.0,Micro,No Discount,0,6,2017,True,False,Star Performer
2604,CA-2017-165848,2017-06-04,2017-06-04,Same Day,EN-13780,Edward Nazzal,Consumer,United States,New York City,New York,10035,East,FUR-BO-10000362,Furniture,Bookcases,Sauder Inglewood Library Bookcases,136.784,1,0.2,5.1294,3.75,Low,No Discount,0,6,2017,True,False,Break-Even
2611,CA-2015-127446,2015-11-25,2015-11-30,Standard Class,MC-17590,Matt Collister,Corporate,United States,Arlington,Texas,76017,Central,OFF-LA-10000248,Office Supplies,Labels,Avery 52,5.904,2,0.2,1.9926,33.75,Micro,No Discount,5,11,2015,False,False,Star Performer
2624,CA-2018-127180,2018-10-22,2018-10-24,First Class,TA-21385,Tom Ashbrook,Home Office,United States,New York City,New York,10024,East,TEC-CO-10004722,Technology,Copiers,Canon imageCLASS 2200 Advanced Copier,11199.968,4,0.2,3919.9888,35.0,High,No Discount,2,10,2018,False,True,Star Performer
2631,CA-2016-168186,2016-09-10,2016-09-15,Standard Class,AB-10150,Aimee Bixby,Consumer,United States,Tulsa,Oklahoma,74133,Central,OFF-PA-10000477,Office Supplies,Paper,Xerox 1952,14.94,3,0.0,7.0218,47.0,Micro,No Discount,5,9,2016,True,False,Star Performer
2632,US-2018-110604,2018-05-15,2018-05-20,Standard Class,JF-15295,Jason Fortune-,Consumer,United States,Seattle,Washington,98103,West,FUR-FU-10000076,Furniture,Furnishings,24-Hour Round Wall Clock,39.96,2,0.0,17.1828,43.0,Micro,No Discount,5,5,2018,False,False,Star Performer
2655,CA-2018-112515,2018-09-17,2018-09-21,Second Class,AS-10225,Alan Schoenberger,Corporate,United States,Provo,Utah,84604,West,FUR-BO-10003404,Furniture,Bookcases,"Global Adaptabilites Bookcase, Cherry/Storm Gray Finish",1292.94,3,0.0,77.5764,6.0,High,No Discount,4,9,2018,False,True,Break-Even
2671,CA-2015-126403,2015-09-09,2015-09-12,Second Class,RR-19525,Rick Reed,Corporate,United States,Lowell,Massachusetts,1852,East,OFF-PA-10001144,Office Supplies,Paper,Xerox 1913,166.44,3,0.0,79.8912,48.0,Low,No Discount,3,9,2015,False,False,Star Performer
2682,CA-2018-127026,2018-01-21,2018-01-27,Standard Class,MH-18115,Mick Hernandez,Home Office,United States,Jackson,Michigan,49201,Central,OFF-BI-10001196,Office Supplies,Binders,"Avery Flip-Chart Easel Binder, Black",89.52,4,0.0,42.0744,47.0,Micro,No Discount,6,1,2018,True,False,Star Performer
2718,CA-2015-100006,2015-09-07,2015-09-13,Standard Class,DK-13375,Dennis Kane,Consumer,United States,New York City,New York,10024,East,TEC-PH-10002075,Technology,Phones,AT&T EL51110 DECT,377.97,3,0.0,109.6113,29.0,Low,No Discount,6,9,2015,False,False,Profitable
2754,CA-2016-155306,2016-04-17,2016-04-21,Standard Class,GA-14515,George Ashbrook,Consumer,United States,San Francisco,California,94122,West,TEC-AC-10003174,Technology,Accessories,Plantronics S12 Corded Telephone Headset System,323.37,3,0.0,129.348,40.0,Low,No Discount,4,4,2016,True,False,Star Performer
2798,CA-2018-158743,2018-10-20,2018-10-27,Standard Class,IG-15085,Ivan Gibson,Consumer,United States,Little Rock,Arkansas,72209,South,OFF-AR-10002257,Office Supplies,Art,"Eldon Spacemaker Box, Quick-Snap Lid, Clear",13.36,4,0.0,4.1416,31.0,Micro,No Discount,7,10,2018,True,False,Star Performer
2813,CA-2016-135685,2016-11-16,2016-11-18,Second Class,MP-18175,Mike Pelletier,Home Office,United States,Milwaukee,Wisconsin,53209,Central,FUR-TA-10001520,Furniture,Tables,"Lesro Sheffield Collection Coffee Table, End Table, Center Table, Corner Table",214.11,3,0.0,36.3987,17.0,Low,No Discount,2,11,2016,False,False,Profitable
2814,CA-2016-135685,2016-11-16,2016-11-18,Second Class,MP-18175,Mike Pelletier,Home Office,United States,Milwaukee,Wisconsin,53209,Central,TEC-AC-10004145,Technology,Accessories,Logitech diNovo Edge Keyboard,999.96,4,0.0,229.9908,23.0,Medium,No Discount,2,11,2016,False,True,Profitable
2819,CA-2016-104626,2016-09-01,2016-09-08,Standard Class,DR-12940,Daniel Raglin,Home Office,United States,Franklin,Massachusetts,2038,East,OFF-ST-10003208,Office Supplies,Storage,Adjustable Depth Letter/Legal Cart,1088.76,6,0.0,315.7404,29.0,High,No Discount,7,9,2016,False,True,Profitable
2827,US-2015-112914,2015-09-25,2015-09-30,Standard Class,MT-18070,Michelle Tran,Home Office,United States,Houston,Texas,77041,Central,OFF-BI-10002982,Office Supplies,Binders,Avery Self-Adhesive Photo Pockets for Polaroid Photos,2.724,2,0.8,-4.3584,-160.0,Micro,No Discount,5,9,2015,False,False,Loss-Making
2877,US-2017-167339,2017-01-21,2017-01-23,Second Class,TD-20995,Tamara Dahlen,Consumer,United States,San Diego,California,92037,West,FUR-CH-10000785,Furniture,Chairs,Global Ergonomic Managers Chair,1013.488,7,0.2,76.0116,7.5,High,No Discount,2,1,2017,True,True,Break-Even
2881,CA-2017-102932,2017-09-19,2017-09-23,Second Class,SD-20485,Shirley Daniels,Home Office,United States,Orange,New Jersey,7050,East,OFF-BI-10000756,Office Supplies,Binders,Storex DuraTech Recycled Plastic Frosted Binders,25.44,6,0.0,12.72,50.0,Micro,No Discount,4,9,2017,False,False,Star Performer
2885,CA-2017-164483,2017-01-30,2017-02-03,Standard Class,JF-15490,Jeremy Farry,Consumer,United States,San Francisco,California,94122,West,OFF-BI-10000014,Office Supplies,Binders,Heavy-Duty E-Z-D Binders,17.456,2,0.2,5.8914,33.75,Micro,No Discount,4,1,2017,False,False,Star Performer
2891,CA-2015-142727,2015-04-29,2015-05-01,Second Class,HG-14845,Harry Greene,Consumer,United States,Lake Charles,Louisiana,70601,South,FUR-CH-10002304,Furniture,Chairs,"Global Stack Chair without Arms, Black",59.75,2,0.0,14.29,25.0,Micro,No Discount,2,4,2015,False,False,Profitable
2892,CA-2015-142727,2015-04-29,2015-05-01,Second Class,HG-14845,Harry Greene,Consumer,United States,Lake Charles,Louisiana,70601,South,OFF-BI-10000136,Office Supplies,Binders,Avery Non-Stick Heavy Duty View Round Locking Ring Binders,17.94,3,0.0,8.6112,48.0,Micro,No Discount,2,4,2015,False,False,Star Performer
2908,CA-2018-121615,2018-11-03,2018-11-09,Standard Class,DL-12925,Daniel Lacy,Consumer,United States,Eagan,Minnesota,55122,Central,OFF-ST-10001325,Office Supplies,Storage,Sterilite Officeware Hinged File Box,52.4,5,0.0,14.148,27.0,Micro,No Discount,6,11,2018,True,False,Profitable
2937,US-2017-169040,2017-12-06,2017-12-12,Standard Class,GT-14710,Greg Tran,Consumer,United States,Seattle,Washington,98105,West,OFF-BI-10001636,Office Supplies,Binders,Ibico Plastic and Wire Spiral Binding Combs,47.208,7,0.2,15.3426,32.5,Micro,No Discount,6,12,2017,False,False,Star Performer
2999,CA-2015-138317,2015-06-21,2015-06-25,Standard Class,NW-18400,Natalie Webber,Consumer,United States,Philadelphia,Pennsylvania,19120,East,TEC-AC-10003628,Technology,Accessories,Logitech 910-002974 M325 Wireless Mouse for Web Scrolling,95.968,4,0.2,28.7904,30.0,Micro,No Discount,4,6,2015,True,False,Star Performer
3027,CA-2018-169054,2018-04-22,2018-04-26,Standard Class,MO-17800,Meg O'Connel,Home Office,United States,Philadelphia,Pennsylvania,19140,East,FUR-FU-10001488,Furniture,Furnishings,"""Tenex 46"""" x 60"""" Computer Anti-Static Chairmat"," Rectangular Shaped""",254,3.0,0.2,0.0,Micro,Heavy (>40%),4,4,2018,True,False,Break-Even
3127,CA-2018-149895,2018-09-08,2018-09-12,Standard Class,EB-14110,Eugene Barchas,Consumer,United States,Philadelphia,Pennsylvania,19134,East,TEC-PH-10002200,Technology,Phones,Aastra 6757i CT Wireless VoIP phone,258.528,2,0.4,-47.3968,-18.33,Low,No Discount,4,9,2018,True,False,Loss-Making
3135,CA-2018-164168,2018-11-12,2018-11-18,Standard Class,LS-16975,Lindsay Shagiari,Home Office,United States,Dallas,Texas,75081,Central,OFF-BI-10000666,Office Supplies,Binders,Surelock Post Binders,30.56,5,0.8,-45.84,-150.0,Micro,No Discount,6,11,2018,False,False,Loss-Making
3184,CA-2018-152912,2018-11-09,2018-11-12,Second Class,BM-11650,Brian Moss,Corporate,United States,Columbia,Maryland,21044,East,OFF-ST-10003208,Office Supplies,Storage,Adjustable Depth Letter/Legal Cart,1633.14,9,0.0,473.6106,29.0,High,No Discount,3,11,2018,False,True,Profitable
3203,CA-2015-158372,2015-11-10,2015-11-16,Standard Class,RD-19900,Ruben Dartt,Consumer,United States,San Diego,California,92037,West,TEC-PH-10002103,Technology,Phones,Jabra SPEAK 410,601.536,8,0.2,60.1536,10.0,Medium,No Discount,6,11,2015,False,True,Profitable
3225,CA-2015-108189,2015-10-02,2015-10-05,First Class,ES-14080,Erin Smith,Corporate,United States,Tempe,Arizona,85281,West,TEC-PH-10001760,Technology,Phones,Bose SoundLink Bluetooth Speaker,318.4,2,0.2,107.46,33.75,Low,No Discount,3,10,2015,False,False,Star Performer
3228,CA-2015-108189,2015-10-02,2015-10-05,First Class,ES-14080,Erin Smith,Corporate,United States,Tempe,Arizona,85281,West,TEC-PH-10001557,Technology,Phones,Pyle PMP37LED,230.376,3,0.2,20.1579,8.75,Low,No Discount,3,10,2015,False,False,Break-Even
3241,US-2017-127971,2017-11-20,2017-11-27,Standard Class,DW-13195,David Wiener,Corporate,United States,Houston,Texas,77095,Central,FUR-FU-10000023,Furniture,Furnishings,Eldon Wave Desk Accessories,7.068,3,0.6,-2.8272,-40.0,Micro,No Discount,7,11,2017,False,False,Loss-Making
3253,CA-2018-110373,2018-10-27,2018-10-30,Second Class,MA-17560,Matt Abelman,Home Office,United States,Chicago,Illinois,60610,Central,OFF-AR-10003045,Office Supplies,Art,Prang Colored Pencils,7.056,3,0.2,2.205,31.25,Micro,No Discount,3,10,2018,True,False,Star Performer
3263,CA-2015-140662,2015-11-17,2015-11-19,First Class,TS-21205,Thomas Seio,Corporate,United States,San Francisco,California,94109,West,OFF-PA-10003395,Office Supplies,Paper,Xerox 1941,733.95,7,0.0,352.296,48.0,Medium,No Discount,2,11,2015,False,True,Star Performer
3311,CA-2017-111416,2017-09-17,2017-09-22,Standard Class,LW-17215,Luke Weiss,Consumer,United States,New York City,New York,10035,East,OFF-BI-10002026,Office Supplies,Binders,Avery Arch Ring Binders,267.26,5,0.2,86.28,33.75,Low,No Discount,5,9,2017,True,False,Star Performer
3333,CA-2018-122595,2018-12-14,2018-12-20,Standard Class,GM-14455,Gary Mitchum,Home Office,United States,Chicago,Illinois,60653,Central,TEC-PH-10003095,Technology,Phones,Samsung HM1900 Bluetooth Headset,52.68,3,0.2,19.755,37.5,Micro,No Discount,6,12,2018,False,False,Star Performer
3351,CA-2017-147536,2017-12-26,2017-12-31,Standard Class,AR-10510,Andrew Roberts,Consumer,United States,New York City,New York,10024,East,TEC-AC-10003280,Technology,Accessories,Belkin F8E887 USB Wired Ergonomic Keyboard,89.97,3,0.0,18.8937,21.0,Micro,No Discount,5,12,2017,False,False,Profitable
3363,CA-2016-139962,2016-12-13,2016-12-20,Standard Class,Dp-13240,Dean percer,Home Office,United States,Revere,Massachusetts,2151,East,OFF-PA-10004451,Office Supplies,Paper,Xerox 222,19.44,3,0.0,9.3312,48.0,Micro,No Discount,7,12,2016,False,False,Star Performer
3374,CA-2016-161718,2016-12-04,2016-12-10,Standard Class,SO-20335,Sean O'Donnell,Consumer,United States,Hempstead,New York,11550,East,FUR-FU-10002445,Furniture,Furnishings,"DAX Two-Tone Rosewood/Black Document Frame, Desktop, 5 x 7",28.44,3,0.0,11.376,40.0,Micro,No Discount,6,12,2016,True,False,Star Performer
3391,CA-2018-101077,2018-03-25,2018-03-30,Second Class,DB-13660,Duane Benoit,Consumer,United States,Dallas,Texas,75081,Central,OFF-PA-10004239,Office Supplies,Paper,Xerox 1953,6.848,2,0.2,2.14,31.25,Micro,No Discount,5,3,2018,True,False,Star Performer
3397,US-2018-148362,2018-07-01,2018-07-08,Standard Class,KF-16285,Karen Ferguson,Home Office,United States,Indianapolis,Indiana,46203,Central,OFF-BI-10003656,Office Supplies,Binders,Fellowes PB200 Plastic Comb Binding Machine,169.99,1,0.0,78.1954,46.0,Low,No Discount,7,7,2018,True,False,Star Performer
3418,CA-2016-151841,2016-04-27,2016-05-02,Standard Class,TC-21475,Tony Chapman,Home Office,United States,Aurora,Colorado,80013,West,OFF-AP-10003971,Office Supplies,Appliances,Belkin 6 Outlet Metallic Surge Strip,43.56,5,0.2,3.267,7.5,Micro,No Discount,5,4,2016,False,False,Break-Even
3422,CA-2017-134803,2017-05-28,2017-06-03,Standard Class,CL-12565,Clay Ludtke,Consumer,United States,Los Angeles,California,90004,West,OFF-PA-10003790,Office Supplies,Paper,Xerox 1991,182.72,8,0.0,84.0512,46.0,Low,No Discount,6,5,2017,True,False,Star Performer
3435,CA-2018-131212,2018-12-05,2018-12-09,Standard Class,AB-10165,Alan Barnes,Consumer,United States,Bellevue,Washington,98006,West,OFF-BI-10000145,Office Supplies,Binders,Zipper Ring Binder Pockets,14.976,6,0.2,5.4288,36.25,Micro,No Discount,4,12,2018,False,False,Star Performer
3442,CA-2015-158337,2015-03-11,2015-03-14,Second Class,KA-16525,Kelly Andreada,Consumer,United States,New York City,New York,10024,East,OFF-PA-10002137,Office Supplies,Paper,"Southworth 100% RÃ©sumÃ© Paper, 24lb.",125.26,14,0.0,53.92,45.0,Low,No Discount,3,3,2015,False,False,Star Performer
3444,CA-2018-168858,2018-11-19,2018-11-23,Standard Class,JD-16150,Justin Deggeller,Corporate,United States,New York City,New York,10011,East,OFF-AP-10003849,Office Supplies,Appliances,Hoover Shoulder Vac Commercial Portable Vacuum,2880.45,7,0.0,688.8,25.0,High,No Discount,4,11,2018,False,True,Profitable
3464,CA-2017-165470,2017-11-25,2017-11-30,Standard Class,HJ-14875,Heather Jas,Home Office,United States,Jacksonville,Florida,32216,South,OFF-PA-10004675,Office Supplies,Paper,"""Telephone Message Books with Fax/Mobile Section, 5 1/2"""" x 3 3/16""""""",5.08,1,0.2,1.651,32.5,Micro,No Discount,5,11,2017,True,False,Star Performer
3507,CA-2015-166863,2015-06-20,2015-06-24,Standard Class,SC-20020,Sam Craven,Consumer,United States,Plano,Texas,75023,Central,OFF-BI-10000756,Office Supplies,Binders,Storex DuraTech Recycled Plastic Frosted Binders,3.392,4,0.8,-5.088,-150.0,Micro,No Discount,4,6,2015,True,False,Loss-Making
3525,CA-2017-132731,2017-11-24,2017-11-28,Standard Class,GA-14515,George Ashbrook,Consumer,United States,Dallas,Texas,75081,Central,TEC-PH-10004120,Technology,Phones,AT&T 1080 Phone,657.552,6,0.2,49.3164,7.5,Medium,No Discount,4,11,2017,False,True,Break-Even
3582,CA-2018-117807,2018-10-01,2018-10-07,Standard Class,DK-13090,Dave Kipp,Consumer,United States,Fremont,Nebraska,68025,Central,OFF-PA-10000994,Office Supplies,Paper,Xerox 1915,104.85,1,0.0,50.328,48.0,Low,No Discount,6,10,2018,False,False,Star Performer
3585,CA-2016-121650,2016-12-10,2016-12-16,Standard Class,KD-16495,Keith Dawkins,Corporate,United States,Jackson,Michigan,49201,Central,FUR-CH-10004289,Furniture,Chairs,Global Super Steno Chair,191.96,2,0.0,32.6332,17.0,Low,No Discount,6,12,2016,True,False,Profitable
3615,CA-2018-112529,2018-11-19,2018-11-21,First Class,SC-20770,Stewart Carmichael,Corporate,United States,San Antonio,Texas,78207,Central,FUR-TA-10002622,Furniture,Tables,"Bush Andora Conference Table, Maple/Graphite Gray Finish",718.116,6,0.3,-71.8116,-10.0,Medium,No Discount,2,11,2018,False,True,Loss-Making
3620,CA-2018-141929,2018-09-04,2018-09-08,Standard Class,RA-19285,Ralph Arnett,Consumer,United States,Los Angeles,California,90004,West,OFF-ST-10002974,Office Supplies,Storage,"Trav-L-File Heavy-Duty Shuttle II, Black",217.85,5,0.0,65.355,30.0,Low,No Discount,4,9,2018,False,False,Star Performer
3623,CA-2015-159184,2015-09-14,2015-09-19,Standard Class,JC-15775,John Castell,Consumer,United States,Macon,Georgia,31204,South,FUR-FU-10002878,Furniture,Furnishings,"""Seth Thomas 14"""" Day/Date Wall Clock""",142.4,5,0.0,52.688,37.0,Low,No Discount,5,9,2015,False,False,Star Performer
3629,CA-2015-169726,2015-08-09,2015-08-13,Standard Class,JH-15985,Joseph Holt,Consumer,United States,Seattle,Washington,98103,West,OFF-BI-10004600,Office Supplies,Binders,Ibico Ibimaster 300 Manual Binding System,2060.744,7,0.2,643.9825,31.25,High,No Discount,4,8,2015,True,True,Star Performer
3633,CA-2018-132178,2018-05-03,2018-05-08,Second Class,DB-12970,Darren Budd,Corporate,United States,Los Angeles,California,90004,West,OFF-ST-10000025,Office Supplies,Storage,Fellowes Stor/Drawer Steel Plus Storage Drawers,763.44,8,0.0,45.8064,6.0,Medium,No Discount,5,5,2018,False,True,Break-Even
3639,CA-2017-145177,2017-11-10,2017-11-14,Standard Class,PP-18955,Paul Prost,Home Office,United States,Springfield,Ohio,45503,East,FUR-FU-10000758,Furniture,Furnishings,DAX Natural Wood-Tone Poster Frame,148.288,7,0.2,29.6576,20.0,Low,No Discount,4,11,2017,False,False,Profitable
3656,CA-2018-168102,2018-04-24,2018-04-30,Standard Class,CP-12340,Christine Phan,Corporate,United States,Jacksonville,Florida,32216,South,OFF-ST-10001370,Office Supplies,Storage,Sensible Storage WireTech Storage Systems,113.568,2,0.2,-21.294,-18.75,Low,No Discount,6,4,2018,False,False,Loss-Making
3666,CA-2015-129364,2015-12-08,2015-12-13,Standard Class,TB-21250,Tim Brockman,Consumer,United States,Salem,Oregon,97301,West,OFF-BI-10001132,Office Supplies,Binders,"""Acco PRESSTEX Data Binder with Storage Hooks, Dark Blue, 9 1/2"""" X 11""""""",6.456,4,0.7,-4.5192,-70.0,Micro,No Discount,5,12,2015,False,False,Loss-Making
3667,CA-2015-129364,2015-12-08,2015-12-13,Standard Class,TB-21250,Tim Brockman,Consumer,United States,Salem,Oregon,97301,West,TEC-PH-10003095,Technology,Phones,Samsung HM1900 Bluetooth Headset,52.68,3,0.2,19.755,37.5,Micro,No Discount,5,12,2015,False,False,Star Performer
3687,CA-2017-102792,2017-12-13,2017-12-19,Standard Class,JC-15340,Jasper Cacioppo,Consumer,United States,Riverside,California,92503,West,OFF-AR-10004757,Office Supplies,Art,Crayola Colored Pencils,11.32,3,0.0,3.57,33.0,Micro,No Discount,6,12,2017,False,False,Star Performer
3700,CA-2018-160416,2018-11-13,2018-11-18,Second Class,AD-10180,Alan Dominguez,Home Office,United States,Yonkers,New York,10701,East,TEC-AC-10004114,Technology,Accessories,KeyTronicÂ 6101 Series -Â KeyboardÂ - Black,163.96,4,0.0,70.5028,43.0,Low,No Discount,5,11,2018,False,False,Star Performer
3728,CA-2017-165169,2017-06-05,2017-06-11,Standard Class,JL-15235,Janet Lee,Consumer,United States,Newark,Delaware,19711,East,OFF-AR-10000122,Office Supplies,Art,Newell 314,11.16,2,0.0,2.79,25.0,Micro,No Discount,6,6,2017,False,False,Profitable
3749,CA-2018-161956,2018-08-27,2018-08-29,Second Class,DR-12880,Dan Reichenbach,Corporate,United States,Inglewood,California,90301,West,OFF-AP-10001242,Office Supplies,Appliances,APC 7 Outlet Network SurgeArrest Surge Protector,321.92,4,0.0,96.576,30.0,Low,No Discount,2,8,2018,False,False,Star Performer
3758,CA-2017-111283,2017-02-28,2017-03-04,Standard Class,LC-16870,Lena Cacioppo,Consumer,United States,Newark,Ohio,43055,East,OFF-AR-10001615,Office Supplies,Art,Newell 34,111.104,7,0.2,8.3328,7.5,Low,No Discount,4,2,2017,False,False,Break-Even
3770,CA-2015-153913,2015-12-16,2015-12-20,Second Class,KB-16585,Ken Black,Corporate,United States,Hialeah,Florida,33012,South,OFF-FA-10000490,Office Supplies,Fasteners,"""OIC Binder Clips, Mini, 1/4"""" Capacity",,1,2.0,0.22,0.0,Micro,Heavy (>40%),4,12,2015,False,False,Break-Even
3808,CA-2016-113628,2016-11-12,2016-11-19,Standard Class,AH-10690,Anna HÃ¤berlin,Corporate,United States,Plantation,Florida,33317,South,OFF-BI-10003291,Office Supplies,Binders,Wilson Jones Leather-Like Binders with DublLock Round Rings,5.238,2,0.7,-4.0158,-76.67,Micro,No Discount,7,11,2016,True,False,Loss-Making
3813,CA-2018-147753,2018-03-05,2018-03-05,Same Day,PK-19075,Pete Kriz,Consumer,United States,Milwaukee,Wisconsin,53209,Central,OFF-LA-10003537,Office Supplies,Labels,Avery 515,25.06,2,0.0,11.7782,47.0,Micro,No Discount,0,3,2018,False,False,Star Performer
3844,CA-2015-101931,2015-10-28,2015-10-31,First Class,TS-21370,Todd Sumrall,Corporate,United States,Los Angeles,California,90049,West,OFF-SU-10002301,Office Supplies,Supplies,Serrated Blade or Curved Handle Hand Letter Openers,6.28,2,0.0,0.0628,1.0,Micro,No Discount,3,10,2015,False,False,Break-Even
3861,CA-2018-154039,2018-02-17,2018-02-22,Standard Class,JK-16120,Julie Kriz,Home Office,United States,Chicago,Illinois,60653,Central,TEC-PH-10002789,Technology,Phones,LG Exalt,124.792,1,0.2,10.9193,8.75,Low,No Discount,5,2,2018,True,False,Break-Even
3865,CA-2016-157133,2016-11-28,2016-12-03,Standard Class,LC-16885,Lena Creighton,Consumer,United States,Champaign,Illinois,61821,Central,FUR-FU-10004904,Furniture,Furnishings,"""Eldon """"L"""" Workstation Diamond Chairmat""",151.96,5,0.6,-182.352,-120.0,Low,No Discount,5,11,2016,False,False,Loss-Making
3881,CA-2016-129896,2016-06-15,2016-06-20,Standard Class,PF-19120,Peter Fuller,Consumer,United States,Gilbert,Arizona,85234,West,OFF-PA-10002245,Office Supplies,Paper,Xerox 1895,11.0,2,0.2,3.29,31.25,Micro,No Discount,5,6,2016,False,False,Star Performer
3923,CA-2018-146920,2018-08-28,2018-09-01,Standard Class,SC-20305,Sean Christensen,Consumer,United States,Chicago,Illinois,60623,Central,OFF-PA-10002479,Office Supplies,Paper,Xerox 4200 Series MultiUse Premium Copy Paper (20Lb. and 84 Bright),25.344,6,0.2,7.92,31.25,Micro,No Discount,4,8,2018,False,False,Star Performer
3966,CA-2015-164910,2015-11-12,2015-11-17,Second Class,DM-13345,Denise Monton,Corporate,United States,Asheville,North Carolina,28806,South,OFF-AR-10003651,Office Supplies,Art,Newell 350,7.872,3,0.2,0.8856,11.25,Micro,No Discount,5,11,2015,False,False,Profitable
3992,CA-2016-161998,2016-05-01,2016-05-05,Standard Class,DB-13120,David Bremer,Corporate,United States,Tampa,Florida,33614,South,FUR-FU-10001095,Furniture,Furnishings,DAX Black Cherry Wood-Tone Poster Frame,63.552,3,0.2,14.2992,22.5,Micro,No Discount,4,5,2016,True,False,Profitable
3995,CA-2016-105627,2016-03-08,2016-03-12,Standard Class,DK-12895,Dana Kaydos,Consumer,United States,Kenosha,Wisconsin,53142,Central,FUR-BO-10002916,Furniture,Bookcases,"""Rush Hierlooms Collection 1"""" Thick Stackable Bookcases""",512.94,3,0.0,97.4586,19.0,Medium,No Discount,4,3,2016,False,True,Profitable
4003,CA-2017-145730,2017-03-03,2017-03-08,Standard Class,CC-12220,Chris Cortes,Consumer,United States,San Antonio,Texas,78207,Central,FUR-TA-10004915,Furniture,Tables,"""Office Impressions End Table, 20-1/2""""H x 24""""W x 20""""D""",637.896,3,0.3,-127.5792,-20.0,Medium,No Discount,5,3,2017,False,True,Loss-Making
4017,CA-2016-165624,2016-08-23,2016-08-28,Standard Class,FH-14350,Fred Harton,Consumer,United States,Atlanta,Georgia,30318,South,OFF-PA-10003893,Office Supplies,Paper,Xerox 1962,21.4,5,0.0,9.63,45.0,Micro,No Discount,5,8,2016,False,False,Star Performer
4031,CA-2018-124296,2018-12-24,2018-12-28,Standard Class,CS-12355,Christine Sundaresam,Consumer,United States,Lafayette,Louisiana,70506,South,FUR-CH-10002439,Furniture,Chairs,"Iceberg Nesting Folding Chair, 19w x 6d x 43h",232.88,4,0.0,60.5488,26.0,Low,No Discount,4,12,2018,False,False,Profitable
4037,CA-2016-148859,2016-12-28,2017-01-01,Standard Class,FH-14350,Fred Harton,Consumer,United States,Chicago,Illinois,60623,Central,OFF-ST-10004950,Office Supplies,Storage,"Tenex Personal Filing Tote With Secure Closure Lid, Black/Frost",28.54,2,0.2,1.71,6.25,Micro,No Discount,4,12,2016,False,False,Break-Even
4046,CA-2016-136378,2016-04-02,2016-04-07,Standard Class,CS-11845,Cari Sayre,Corporate,United States,Houston,Texas,77070,Central,OFF-BI-10003707,Office Supplies,Binders,Aluminum Screw Posts,9.156,3,0.8,-13.734,-150.0,Micro,No Discount,5,4,2016,True,False,Loss-Making
4059,CA-2016-124058,2016-11-20,2016-11-24,Standard Class,LC-16885,Lena Creighton,Consumer,United States,Oakland,California,94601,West,TEC-PH-10004774,Technology,Phones,Gear Head AU3700S Headset,72.744,7,0.2,-15.4581,-21.25,Micro,No Discount,4,11,2016,True,False,Loss-Making
4067,CA-2015-102673,2015-11-01,2015-11-05,Standard Class,KH-16630,Ken Heidel,Corporate,United States,Charlotte,North Carolina,28205,South,OFF-AR-10000634,Office Supplies,Art,Newell 320,10.272,3,0.2,0.8988,8.75,Micro,No Discount,4,11,2015,True,False,Break-Even
4078,CA-2016-100685,2016-12-19,2016-12-21,Second Class,SM-20950,Suzanne McNair,Corporate,United States,Omaha,Nebraska,68104,Central,OFF-FA-10003472,Office Supplies,Fasteners,Bagged Rubber Bands,5.04,4,0.0,0.2016,4.0,Micro,No Discount,2,12,2016,False,False,Break-Even
4081,CA-2017-140417,2017-09-25,2017-09-29,Standard Class,KE-16420,Katrina Edelman,Corporate,United States,Tigard,Oregon,97224,West,OFF-PA-10000380,Office Supplies,Paper,"""REDIFORM Incoming/Outgoing Call Register, 11"""" X 8 1/2"""""," 100 Messages""",60,9.0,0.2,0.0,Micro,Heavy (>40%),4,9,2017,False,False,Break-Even
4086,CA-2017-111913,2017-08-04,2017-08-06,Second Class,LC-16930,Linda Cazamias,Corporate,United States,Sacramento,California,95823,West,TEC-PH-10002275,Technology,Phones,Mitel 5320 IP Phone VoIP phone,347.74,2,0.2,33.26,10.0,Low,No Discount,2,8,2017,False,False,Profitable
4095,CA-2016-102491,2016-08-24,2016-08-28,Standard Class,KW-16435,Katrina Willman,Consumer,United States,Florence,Kentucky,41042,South,TEC-AC-10003289,Technology,Accessories,Anker Ultra-Slim Mini Bluetooth 3.0 Wireless Keyboard,79.96,4,0.0,18.3908,23.0,Micro,No Discount,4,8,2016,False,False,Profitable
4123,CA-2018-133823,2018-05-11,2018-05-12,Same Day,LP-17080,Liz Pelletier,Consumer,United States,Seattle,Washington,98103,West,OFF-LA-10004545,Office Supplies,Labels,Avery 50,37.59,3,0.0,17.6673,47.0,Micro,No Discount,1,5,2018,False,False,Star Performer
4135,CA-2015-128839,2015-09-08,2015-09-13,Standard Class,TT-21070,Ted Trevino,Consumer,United States,Chesapeake,Virginia,23320,South,TEC-MA-10000029,Technology,Machines,"Epson WorkForce WF-2530 All-in-One Printer, Copier Scanner",241.47,3,0.0,99.32,43.0,Low,No Discount,5,9,2015,False,False,Star Performer
4141,CA-2018-127313,2018-12-01,2018-12-04,First Class,RA-19285,Ralph Arnett,Consumer,United States,Philadelphia,Pennsylvania,19120,East,FUR-FU-10003798,Furniture,Furnishings,"""Ultra Door Kickplate, 8""""H x 34""""W""",79.12,5,0.2,13.846,17.5,Micro,No Discount,3,12,2018,True,False,Profitable
4158,CA-2016-101091,2016-12-05,2016-12-09,Second Class,SW-20245,Scot Wooten,Consumer,United States,Philadelphia,Pennsylvania,19140,East,OFF-BI-10001107,Office Supplies,Binders,"GBC White Gloss Covers, Plain Front",26.064,6,0.7,-19.9824,-76.67,Micro,No Discount,4,12,2016,False,False,Loss-Making
4167,CA-2016-160213,2016-03-08,2016-03-13,Standard Class,AR-10825,Anthony Rawles,Corporate,United States,Long Beach,New York,11561,East,OFF-PA-10003848,Office Supplies,Paper,Xerox 1997,19.44,3,0.0,9.3312,48.0,Micro,No Discount,5,3,2016,False,False,Star Performer
4173,CA-2017-152163,2017-07-01,2017-07-01,Same Day,JF-15355,Jay Fein,Consumer,United States,Columbia,South Carolina,29203,South,OFF-BI-10002215,Office Supplies,Binders,"Wilson Jones Hanging View Binder, White, 1""""",14.2,2,0.0,6.532,46.0,Micro,No Discount,0,7,2017,True,False,Star Performer
4204,CA-2015-145387,2015-10-31,2015-11-02,Second Class,AM-10705,Anne McFarland,Consumer,United States,Cranston,Rhode Island,2920,East,OFF-AR-10001683,Office Supplies,Art,Lumber Crayons,49.25,5,0.0,18.715,38.0,Micro,No Discount,2,10,2015,True,False,Star Performer
4209,CA-2015-145387,2015-10-31,2015-11-02,Second Class,AM-10705,Anne McFarland,Consumer,United States,Cranston,Rhode Island,2920,East,FUR-CH-10002320,Furniture,Chairs,Hon Pagoda Stacking Chairs,1604.9,5,0.0,481.47,30.0,High,No Discount,2,10,2015,True,True,Star Performer
4229,CA-2017-113803,2017-03-24,2017-03-26,First Class,VG-21805,Vivek Grady,Corporate,United States,Richmond,Indiana,47374,Central,OFF-PA-10001994,Office Supplies,Paper,"""Ink Jet Note and Greeting Cards, 8-1/2"""" x 5-1/2"""" Card Size""",22.48,1,0.0,10.3408,46.0,Micro,No Discount,2,3,2017,False,False,Star Performer
4236,CA-2015-168823,2015-09-21,2015-09-24,First Class,MA-17560,Matt Abelman,Home Office,United States,Philadelphia,Pennsylvania,19143,East,OFF-LA-10004425,Office Supplies,Labels,Staple-on labels,20.808,9,0.2,7.0227,33.75,Micro,No Discount,3,9,2015,False,False,Star Performer
4243,CA-2017-159142,2017-04-04,2017-04-05,First Class,ME-17320,Maria Etezadi,Home Office,United States,Springfield,Virginia,22153,South,TEC-PH-10001448,Technology,Phones,Anker Astro 15000mAh USB Portable Charger,149.97,3,0.0,5.9988,4.0,Low,No Discount,1,4,2017,False,False,Break-Even
4336,CA-2016-154795,2016-12-20,2016-12-24,Standard Class,GZ-14470,Gary Zandusky,Consumer,United States,Bullhead City,Arizona,86442,West,OFF-EN-10003068,Office Supplies,Envelopes,#6 3/4 Gummed Flap White Envelopes,7.92,1,0.2,2.772,35.0,Micro,No Discount,4,12,2016,False,False,Star Performer
4393,CA-2017-108868,2017-09-08,2017-09-12,Standard Class,KB-16585,Ken Black,Corporate,United States,Dallas,Texas,75081,Central,OFF-AR-10001953,Office Supplies,Art,Boston 1645 Deluxe Heavier-Duty Electric Pencil Sharpener,80.92,2,0.2,6.77,8.75,Micro,No Discount,4,9,2017,False,False,Break-Even
4402,CA-2017-131737,2017-03-17,2017-03-17,Same Day,GZ-14470,Gary Zandusky,Consumer,United States,Columbia,Maryland,21044,East,FUR-FU-10004306,Furniture,Furnishings,Electrix Halogen Magnifier Lamp,971.5,5,0.0,252.59,26.0,Medium,No Discount,0,3,2017,False,True,Profitable
4432,CA-2017-168893,2017-11-03,2017-11-08,Second Class,AP-10915,Arthur Prichep,Consumer,United States,Henderson,Kentucky,42420,South,OFF-AR-10001770,Office Supplies,Art,Economy #2 Pencils,7.98,3,0.0,2.0748,26.0,Micro,No Discount,5,11,2017,False,False,Profitable
4437,CA-2017-163398,2017-05-03,2017-05-08,Standard Class,CB-12415,Christy Brittain,Consumer,United States,Chicago,Illinois,60653,Central,OFF-AR-10003217,Office Supplies,Art,Newell 316,27.384,7,0.2,2.7384,10.0,Micro,No Discount,5,5,2017,False,False,Profitable
4478,CA-2018-130211,2018-10-22,2018-10-22,Same Day,BD-11620,Brian DeCherney,Consumer,United States,Lawton,Oklahoma,73505,Central,OFF-ST-10000129,Office Supplies,Storage,Fellowes Recycled Storage Drawers,333.09,3,0.0,23.3163,7.0,Low,No Discount,0,10,2018,False,False,Break-Even
4490,CA-2016-162621,2016-09-05,2016-09-11,Standard Class,CA-12055,Cathy Armstrong,Home Office,United States,Houston,Texas,77036,Central,OFF-BI-10003708,Office Supplies,Binders,"Acco Four Pocket Poly Ring Binder with Label Holder, Smoke, 1""""",4.47,3,0.8,-7.8225,-175.0,Micro,No Discount,6,9,2016,False,False,Loss-Making
4508,US-2015-138247,2015-12-24,2015-12-29,Standard Class,BF-11170,Ben Ferrer,Home Office,United States,Los Angeles,California,90045,West,OFF-ST-10002301,Office Supplies,Storage,Tennsco Commercial Shelving,23.39,1,0.0,0.22,1.0,Micro,No Discount,5,12,2015,False,False,Break-Even
4509,US-2015-138247,2015-12-24,2015-12-29,Standard Class,BF-11170,Ben Ferrer,Home Office,United States,Los Angeles,California,90045,West,FUR-FU-10002554,Furniture,Furnishings,"Westinghouse Floor Lamp with Metal Mesh Shade, Black",23.99,1,0.0,5.5177,23.0,Micro,No Discount,5,12,2015,False,False,Profitable
4516,US-2018-111920,2018-10-22,2018-10-26,Standard Class,PS-18970,Paul Stevenson,Home Office,United States,Tulsa,Oklahoma,74133,Central,OFF-AR-10003179,Office Supplies,Art,Dixon Ticonderoga Core-Lock Colored Pencils,36.44,4,0.0,12.0252,33.0,Micro,No Discount,4,10,2018,False,False,Star Performer
4522,CA-2015-109491,2015-02-20,2015-02-26,Standard Class,LC-16930,Linda Cazamias,Corporate,United States,Richmond,Indiana,47374,Central,FUR-FU-10000221,Furniture,Furnishings,"Master Caster Door Stop, Brown",20.32,4,0.0,6.9088,34.0,Micro,No Discount,6,2,2015,False,False,Star Performer
4560,CA-2015-110219,2015-05-05,2015-05-08,First Class,EB-13870,Emily Burns,Consumer,United States,San Antonio,Texas,78207,Central,FUR-CH-10001146,Furniture,Chairs,"Global Value Mid-Back Manager's Chair, Gray",127.869,3,0.3,-9.1335,-7.14,Low,No Discount,3,5,2015,False,False,Loss-Making
4572,US-2016-152128,2016-05-25,2016-05-27,Second Class,NM-18445,Nathan Mautz,Home Office,United States,Wichita,Kansas,67212,Central,OFF-BI-10001718,Office Supplies,Binders,GBC DocuBind P50 Personal Binding Machine,127.96,2,0.0,60.1412,47.0,Low,No Discount,2,5,2016,False,False,Star Performer
4578,US-2015-121734,2015-04-11,2015-04-16,Standard Class,SE-20110,Sanjit Engle,Consumer,United States,Lewiston,Idaho,83501,West,OFF-BI-10004817,Office Supplies,Binders,GBC Personal VeloBind Strips,9.584,1,0.2,3.3544,35.0,Micro,No Discount,5,4,2015,True,False,Star Performer
4602,CA-2016-146948,2016-07-16,2016-07-20,Standard Class,MG-17890,Michael Granlund,Home Office,United States,Baltimore,Maryland,21215,East,OFF-FA-10001332,Office Supplies,Fasteners,"""Acco Banker's Clasps, 5 3/4""""-Long""",11.52,4,0.0,5.4144,47.0,Micro,No Discount,4,7,2016,True,False,Star Performer
4614,US-2017-165953,2017-12-31,2018-01-06,Standard Class,EP-13915,Emily Phan,Consumer,United States,Jacksonville,Florida,32216,South,OFF-PA-10002250,Office Supplies,Paper,Things To Do Today Pad,23.48,5,0.2,8.218,35.0,Micro,No Discount,6,12,2017,True,False,Star Performer
4643,CA-2018-130141,2018-10-22,2018-10-24,Second Class,HA-14905,Helen Abelman,Consumer,United States,Fort Collins,Colorado,80525,West,FUR-CH-10000749,Furniture,Chairs,Office Star - Ergonomic Mid Back Chair with 2-Way Adjustable Arms,579.136,4,0.2,-28.9568,-5.0,Medium,No Discount,2,10,2018,False,True,Loss-Making
4654,CA-2018-132647,2018-02-17,2018-02-23,Standard Class,GH-14410,Gary Hansen,Home Office,United States,Perth Amboy,New Jersey,8861,East,OFF-ST-10003123,Office Supplies,Storage,Fellowes Bases and Tops For Staxonsteel/High-Stak Systems,191.42,5,0.0,43.94,24.0,Low,No Discount,6,2,2018,True,False,Profitable
4683,CA-2017-127698,2017-12-01,2017-12-01,Same Day,MV-18190,Mike Vittorini,Consumer,United States,Raleigh,North Carolina,27604,South,TEC-PH-10003811,Technology,Phones,Jabra Supreme Plus Driver EditionÂ Headset,863.928,9,0.2,86.3928,10.0,Medium,No Discount,0,12,2017,False,True,Profitable
4690,CA-2015-138681,2015-12-20,2015-12-22,First Class,CT-11995,Carol Triggs,Consumer,United States,Tucson,Arizona,85705,West,FUR-FU-10001876,Furniture,Furnishings,"Computer Room Manger, 14""""",51.968,2,0.2,10.3936,20.0,Micro,No Discount,2,12,2015,True,False,Profitable
4697,US-2016-138121,2016-12-17,2016-12-17,Same Day,JL-15835,John Lee,Consumer,United States,Detroit,Michigan,48205,Central,FUR-CH-10004875,Furniture,Chairs,Harbour Creations 67200 Series Stacking Chairs,142.36,2,0.0,38.4372,27.0,Low,No Discount,0,12,2016,True,False,Profitable
4706,CA-2017-158435,2017-05-17,2017-05-18,First Class,AG-10900,Arthur Gainer,Consumer,United States,Waterbury,Connecticut,6708,East,OFF-LA-10002475,Office Supplies,Labels,Avery 519,14.62,2,0.0,6.8714,47.0,Micro,No Discount,1,5,2017,False,False,Star Performer
4711,CA-2018-138149,2018-06-29,2018-06-30,First Class,WB-21850,William Brown,Consumer,United States,Los Angeles,California,90049,West,TEC-AC-10001284,Technology,Accessories,Enermax Briskie RF Wireless Keyboard and Mouse Combo,62.31,3,0.0,22.4316,36.0,Micro,No Discount,1,6,2018,False,False,Star Performer
4728,CA-2015-119151,2015-11-25,2015-11-29,Second Class,MP-18175,Mike Pelletier,Home Office,United States,New York City,New York,10009,East,FUR-BO-10003159,Furniture,Bookcases,"Sauder Camden County Collection Libraries, Planked Cherry Finish",275.952,3,0.2,-37.9434,-13.75,Low,No Discount,4,11,2015,False,False,Loss-Making
4729,CA-2015-123323,2015-11-07,2015-11-12,Standard Class,LH-16900,Lena Hernandez,Consumer,United States,San Francisco,California,94110,West,OFF-BI-10003684,Office Supplies,Binders,Wilson Jones Legal Size Ring Binders,123.144,7,0.2,46.179,37.5,Low,No Discount,5,11,2015,True,False,Star Performer
4766,CA-2016-118227,2016-04-24,2016-04-28,Standard Class,DB-13270,Deborah Brumfield,Home Office,United States,New York City,New York,10009,East,OFF-AR-10001044,Office Supplies,Art,"BOSTON Ranger #55 Pencil Sharpener, Black",25.99,1,0.0,7.5371,29.0,Micro,No Discount,4,4,2016,True,False,Profitable
4778,CA-2017-101630,2017-02-19,2017-02-23,Second Class,CK-12760,Cyma Kinney,Corporate,United States,Long Beach,New York,11561,East,OFF-SU-10001664,Office Supplies,Supplies,Acme Office Executive Series Stainless Steel Trimmers,25.71,3,0.0,6.6846,26.0,Micro,No Discount,4,2,2017,True,False,Profitable
4784,US-2018-147984,2018-01-28,2018-02-01,Standard Class,GB-14575,Giulietta Baptist,Consumer,United States,Wichita,Kansas,67212,Central,OFF-PA-10000806,Office Supplies,Paper,Xerox 1934,279.9,5,0.0,137.151,49.0,Low,No Discount,4,1,2018,True,False,Star Performer
4786,CA-2016-104346,2016-12-11,2016-12-16,Standard Class,IM-15070,Irene Maddox,Consumer,United States,Colorado Springs,Colorado,80906,West,FUR-BO-10003450,Furniture,Bookcases,"Bush Westfield Collection Bookcases, Dark Cherry Finish",69.576,4,0.7,-143.7904,-206.67,Micro,No Discount,5,12,2016,True,False,Loss-Making
4787,CA-2016-104346,2016-12-11,2016-12-16,Standard Class,IM-15070,Irene Maddox,Consumer,United States,Colorado Springs,Colorado,80906,West,OFF-AR-10001545,Office Supplies,Art,Newell 326,4.224,3,0.2,0.4752,11.25,Micro,No Discount,5,12,2016,True,False,Profitable
4788,CA-2016-104346,2016-12-11,2016-12-16,Standard Class,IM-15070,Irene Maddox,Consumer,United States,Colorado Springs,Colorado,80906,West,TEC-AC-10004396,Technology,Accessories,Logitech Keyboard K120,58.08,4,0.2,-6.534,-11.25,Micro,No Discount,5,12,2016,True,False,Loss-Making
4794,US-2016-141684,2016-06-29,2016-07-04,Standard Class,MM-18055,Michelle Moray,Consumer,United States,New York City,New York,10011,East,OFF-PA-10002870,Office Supplies,Paper,"Ampad Phone Message Book, Recycled, 400 Message Capacity, 5 Â¾â x 11â",24.96,4,0.0,11.232,45.0,Micro,No Discount,5,6,2016,False,False,Star Performer
4863,CA-2017-125164,2017-11-10,2017-11-14,Standard Class,SH-19975,Sally Hughsby,Corporate,United States,New York City,New York,10011,East,OFF-BI-10001191,Office Supplies,Binders,Canvas Sectional Post Binders,20.368,1,0.2,7.3834,36.25,Micro,No Discount,4,11,2017,False,False,Star Performer
4878,US-2015-155817,2015-10-03,2015-10-09,Standard Class,SL-20155,Sara Luxemburg,Home Office,United States,Durham,North Carolina,27707,South,OFF-AR-10002335,Office Supplies,Art,DIXON Oriole Pencils,6.192,3,0.2,0.4644,7.5,Micro,No Discount,6,10,2015,True,False,Break-Even
4889,CA-2017-163167,2017-11-28,2017-12-01,Second Class,RF-19345,Randy Ferguson,Corporate,United States,Marietta,Georgia,30062,South,OFF-ST-10004459,Office Supplies,Storage,Tennsco Single-Tier Lockers,1126.02,3,0.0,56.301,5.0,High,No Discount,3,11,2017,False,True,Break-Even
4891,CA-2017-135776,2017-12-23,2017-12-30,Standard Class,EH-13765,Edward Hooks,Corporate,United States,Seattle,Washington,98103,West,OFF-AR-10001246,Office Supplies,Art,Newell 317,8.82,3,0.0,2.5578,29.0,Micro,No Discount,7,12,2017,True,False,Profitable
4892,CA-2017-135776,2017-12-23,2017-12-30,Standard Class,EH-13765,Edward Hooks,Corporate,United States,Seattle,Washington,98103,West,OFF-PA-10001295,Office Supplies,Paper,Computer Printout Paper with Letter-Trim Perforations,37.94,2,0.0,18.2112,48.0,Micro,No Discount,7,12,2017,True,False,Star Performer
4908,CA-2015-133809,2015-11-18,2015-11-23,Second Class,MS-17530,MaryBeth Skach,Consumer,United States,Fairfield,Ohio,45014,East,OFF-BI-10001757,Office Supplies,Binders,Pressboard Hanging Data Binders for Unburst Sheets,11.808,8,0.7,-8.6592,-73.33,Micro,No Discount,5,11,2015,False,False,Loss-Making
4946,CA-2017-151372,2017-09-05,2017-09-06,First Class,JH-15985,Joseph Holt,Consumer,United States,Redondo Beach,California,90278,West,OFF-BI-10000050,Office Supplies,Binders,"Angle-D Binders with Locking Rings, Label Holders",11.68,2,0.2,3.942,33.75,Micro,No Discount,1,9,2017,False,False,Star Performer
4978,CA-2016-165050,2016-12-07,2016-12-09,First Class,AH-10210,Alan Hwang,Consumer,United States,New York City,New York,10024,East,OFF-BI-10003727,Office Supplies,Binders,Avery Durable Slant Ring Binders With Label Holder,6.688,2,0.2,2.3408,35.0,Micro,No Discount,2,12,2016,False,False,Star Performer
4991,CA-2018-107321,2018-08-31,2018-09-04,Standard Class,AW-10930,Arthur Wiediger,Home Office,United States,San Francisco,California,94110,West,TEC-PH-10002200,Technology,Phones,Aastra 6757i CT Wireless VoIP phone,689.408,4,0.2,77.5584,11.25,Medium,No Discount,4,8,2018,False,True,Profitable
5007,CA-2016-169796,2016-11-09,2016-11-14,Standard Class,Dp-13240,Dean percer,Home Office,United States,New York City,New York,10035,East,TEC-MA-10000045,Technology,Machines,Zebra ZM400 Thermal Label Printer,2321.9,2,0.0,1114.512,48.0,High,No Discount,5,11,2016,False,True,Star Performer
5022,CA-2017-133795,2017-12-18,2017-12-24,Standard Class,JE-15475,Jeremy Ellison,Consumer,United States,San Diego,California,92037,West,TEC-AC-10001465,Technology,Accessories,SanDisk Cruzer 64 GB USB Flash Drive,72.64,2,0.0,21.792,30.0,Micro,No Discount,6,12,2017,False,False,Star Performer
5030,CA-2018-139304,2018-01-29,2018-02-02,Standard Class,VG-21790,Vivek Gonzalez,Consumer,United States,San Francisco,California,94109,West,OFF-AR-10001216,Office Supplies,Art,Newell 339,8.34,3,0.0,2.1684,26.0,Micro,No Discount,4,1,2018,False,False,Profitable
5042,CA-2017-158694,2017-11-10,2017-11-13,Second Class,AI-10855,Arianne Irving,Consumer,United States,Los Angeles,California,90036,West,OFF-PA-10002421,Office Supplies,Paper,Embossed Ink Jet Note Cards,67.71,3,0.0,32.5008,48.0,Micro,No Discount,3,11,2017,False,False,Star Performer
5053,US-2018-120607,2018-05-19,2018-05-19,Same Day,JC-15775,John Castell,Consumer,United States,Atlanta,Georgia,30318,South,OFF-PA-10003129,Office Supplies,Paper,Tops White Computer Printout Paper,195.64,4,0.0,91.9508,47.0,Low,No Discount,0,5,2018,True,False,Star Performer
5120,CA-2016-127173,2016-09-26,2016-10-03,Standard Class,GM-14500,Gene McClure,Consumer,United States,Oceanside,New York,11572,East,OFF-BI-10000088,Office Supplies,Binders,GBC Imprintable Covers,90.91,9,0.2,31.52,36.25,Micro,No Discount,7,9,2016,False,False,Star Performer
5142,CA-2017-111213,2017-04-01,2017-04-05,Standard Class,FP-14320,Frank Preis,Consumer,United States,New York City,New York,10009,East,FUR-CH-10000454,Furniture,Chairs,"Hon Deluxe Fabric Upholstered Stacking Chairs, Rounded Back",1317.492,6,0.1,292.776,22.22,High,No Discount,4,4,2017,True,True,Profitable
5144,CA-2017-111213,2017-04-01,2017-04-05,Standard Class,FP-14320,Frank Preis,Consumer,United States,New York City,New York,10009,East,OFF-BI-10004140,Office Supplies,Binders,Avery Non-Stick Binders,4.13,1,0.2,1.23,31.25,Micro,No Discount,4,4,2017,True,False,Star Performer
5162,CA-2015-111192,2015-07-30,2015-08-05,Standard Class,TS-21430,Tom Stivers,Corporate,United States,Seattle,Washington,98103,West,FUR-BO-10002916,Furniture,Bookcases,"""Rush Hierlooms Collection 1"""" Thick Stackable Bookcases""",1367.84,8,0.0,259.8896,19.0,High,No Discount,6,7,2015,False,True,Profitable
5172,CA-2017-122903,2017-05-27,2017-05-29,Second Class,LA-16780,Laura Armstrong,Corporate,United States,Detroit,Michigan,48205,Central,OFF-PA-10001790,Office Supplies,Paper,Xerox 1910,144.12,3,0.0,69.1776,48.0,Low,No Discount,2,5,2017,True,False,Star Performer
5285,CA-2015-133424,2015-03-30,2015-04-04,Standard Class,Dl-13600,Dorris liebe,Corporate,United States,Seattle,Washington,98105,West,OFF-LA-10002312,Office Supplies,Labels,Avery 490,44.4,3,0.0,22.2,50.0,Micro,No Discount,5,3,2015,False,False,Star Performer
5292,CA-2015-146283,2015-09-08,2015-09-15,Standard Class,KT-16465,Kean Takahito,Consumer,United States,Houston,Texas,77036,Central,OFF-PA-10000482,Office Supplies,Paper,"Snap-A-Way Black Print Carbonless Ruled Speed Letter, Triplicate",182.112,6,0.2,61.4628,33.75,Low,No Discount,7,9,2015,False,False,Star Performer
5294,CA-2016-111073,2016-12-26,2016-12-30,Standard Class,MC-18100,Mick Crebagga,Consumer,United States,Medina,Ohio,44256,East,FUR-TA-10004086,Furniture,Tables,KI Adjustable-Height Table,51.588,1,0.4,-15.4764,-30.0,Micro,No Discount,4,12,2016,False,False,Loss-Making
5295,CA-2018-144883,2018-08-15,2018-08-19,Standard Class,BO-11350,Bill Overfelt,Corporate,United States,Roseville,Minnesota,55113,Central,OFF-LA-10000305,Office Supplies,Labels,Avery 495,50.4,8,0.0,23.184,46.0,Micro,No Discount,4,8,2018,False,False,Star Performer
5336,CA-2015-103331,2015-08-26,2015-09-01,Standard Class,KB-16315,Karl Braun,Consumer,United States,Newark,Delaware,19711,East,OFF-PA-10002659,Office Supplies,Paper,Avoid Verbal Orders Carbonless Minifold Book,3.89,1,0.0,1.71,46.0,Micro,No Discount,6,8,2015,False,False,Star Performer
5404,CA-2018-123043,2018-08-24,2018-08-29,Standard Class,AH-10195,Alan Haines,Corporate,United States,New York City,New York,10024,East,OFF-BI-10000138,Office Supplies,Binders,Acco Translucent Poly Ring Binders,3.744,1,0.2,1.3104,35.0,Micro,No Discount,5,8,2018,False,False,Star Performer
5408,CA-2018-108854,2018-12-08,2018-12-14,Standard Class,DM-13345,Denise Monton,Corporate,United States,San Francisco,California,94109,West,OFF-PA-10003022,Office Supplies,Paper,Standard Line âWhile You Were Outâ Hardbound Telephone Message Book,87.92,4,0.0,40.4432,46.0,Micro,No Discount,6,12,2018,True,False,Star Performer
5417,US-2018-125647,2018-09-23,2018-09-28,Standard Class,LC-16870,Lena Cacioppo,Consumer,United States,Chicago,Illinois,60653,Central,TEC-PH-10004188,Technology,Phones,OtterBox Commuter Series Case - Samsung Galaxy S4,45.98,2,0.2,-9.9,-22.5,Micro,No Discount,5,9,2018,True,False,Loss-Making
5418,CA-2015-132542,2015-10-06,2015-10-08,Second Class,AM-10360,Alice McCarthy,Corporate,United States,Omaha,Nebraska,68104,Central,OFF-BI-10004099,Office Supplies,Binders,GBC VeloBinder Strips,15.36,2,0.0,7.68,50.0,Micro,No Discount,2,10,2015,False,False,Star Performer
5441,US-2018-153633,2018-11-13,2018-11-18,Second Class,TC-21295,Toby Carlisle,Consumer,United States,Jupiter,Florida,33458,South,OFF-AR-10002335,Office Supplies,Art,DIXON Oriole Pencils,2.064,1,0.2,0.1548,7.5,Micro,No Discount,5,11,2018,False,False,Break-Even
5455,CA-2018-160962,2018-04-28,2018-05-02,Standard Class,MC-17605,Matt Connell,Corporate,United States,Philadelphia,Pennsylvania,19143,East,OFF-ST-10001325,Office Supplies,Storage,Sterilite Officeware Hinged File Box,8.384,1,0.2,0.7336,8.75,Micro,No Discount,4,4,2018,True,False,Break-Even
5479,CA-2017-121356,2017-11-20,2017-11-24,Standard Class,SJ-20500,Shirley Jackson,Consumer,United States,Newark,Delaware,19711,East,OFF-BI-10002133,Office Supplies,Binders,"""Wilson Jones Elliptical Ring 3 1/2"""" Capacity Binders"," 800 sheets""",128,3.0,0.0,0.0,Micro,Heavy (>40%),4,11,2017,False,False,Break-Even
5488,CA-2018-134495,2018-04-01,2018-04-04,Second Class,BF-11020,Barry FranzÃ¶sisch,Corporate,United States,Jacksonville,Florida,32216,South,TEC-PH-10004897,Technology,Phones,Mediabridge Sport Armband iPhone 5s,23.976,3,0.2,-5.6943,-23.75,Micro,No Discount,3,4,2018,True,False,Loss-Making
5503,CA-2018-127782,2018-11-02,2018-11-06,Standard Class,TH-21115,Thea Hudgings,Corporate,United States,Philadelphia,Pennsylvania,19140,East,FUR-FU-10001847,Furniture,Furnishings,Eldon Image Series Black Desk Accessories,3.81,1,0.2,0.73,20.0,Micro,No Discount,4,11,2018,False,False,Profitable
5515,CA-2016-103177,2016-05-30,2016-06-01,First Class,EN-13780,Edward Nazzal,Consumer,United States,New York City,New York,10009,East,OFF-AP-10004540,Office Supplies,Appliances,"Eureka The Boss Lite 10-Amp Upright Vacuum, Blue",160.32,2,0.0,44.8896,28.0,Low,No Discount,2,5,2016,False,False,Profitable
5541,US-2018-150595,2018-05-22,2018-05-26,Standard Class,LE-16810,Laurel Elliston,Consumer,United States,Chicago,Illinois,60653,Central,OFF-BI-10003274,Office Supplies,Binders,"Avery Durable Slant Ring Binders, No Labels",1.592,2,0.8,-2.6268,-165.0,Micro,No Discount,4,5,2018,False,False,Loss-Making
5547,CA-2018-151008,2018-09-07,2018-09-08,First Class,JM-16195,Justin MacKendrick,Consumer,United States,Draper,Utah,84020,West,FUR-FU-10002396,Furniture,Furnishings,"DAX Copper Panel Document Frame, 5 x 7 Size",25.16,2,0.0,10.5672,42.0,Micro,No Discount,1,9,2018,False,False,Star Performer
5569,CA-2018-157966,2018-03-13,2018-03-13,Same Day,SU-20665,Stephanie Ulpright,Home Office,United States,Chicago,Illinois,60610,Central,TEC-CO-10001449,Technology,Copiers,Hewlett Packard LaserJet 3310 Copier,959.984,2,0.2,335.9944,35.0,Medium,No Discount,0,3,2018,False,True,Star Performer
5573,CA-2015-151162,2015-12-05,2015-12-09,Standard Class,EA-14035,Erin Ashbrook,Corporate,United States,Columbus,Ohio,43229,East,OFF-BI-10003719,Office Supplies,Binders,Large Capacity Hanging Post Binders,29.94,4,0.7,-23.952,-80.0,Micro,No Discount,4,12,2015,True,False,Loss-Making
5574,CA-2015-151162,2015-12-05,2015-12-09,Standard Class,EA-14035,Erin Ashbrook,Corporate,United States,Columbus,Ohio,43229,East,OFF-PA-10003036,Office Supplies,Paper,"""Black Print Carbonless 8 1/2"""" x 8 1/4"""" Rapid Memo Book""",17.472,3,0.2,5.6784,32.5,Micro,No Discount,4,12,2015,True,False,Star Performer
5603,CA-2017-117919,2017-08-27,2017-08-29,Second Class,TB-21355,Todd Boyes,Corporate,United States,Houston,Texas,77041,Central,OFF-ST-10003572,Office Supplies,Storage,Portfile Personal File Boxes,14.16,1,0.2,1.062,7.5,Micro,No Discount,2,8,2017,True,False,Break-Even
5614,CA-2017-147431,2017-02-02,2017-02-07,Standard Class,AB-10105,Adrian Barton,Consumer,United States,New York City,New York,10011,East,OFF-ST-10003994,Office Supplies,Storage,"""Belkin 19"""" Center-Weighted Shelf",,117,2.0,0.0,0.0,Micro,Heavy (>40%),5,2,2017,False,False,Break-Even
5634,CA-2017-101742,2017-09-23,2017-09-28,Second Class,CR-12580,Clay Rozendal,Home Office,United States,New York City,New York,10009,East,OFF-BI-10004187,Office Supplies,Binders,3-ring staple pack,10.528,7,0.2,3.6848,35.0,Micro,No Discount,5,9,2017,True,False,Star Performer
5639,CA-2015-154893,2015-12-21,2015-12-27,Standard Class,GM-14440,Gary McGarr,Consumer,United States,San Diego,California,92024,West,FUR-CH-10004287,Furniture,Chairs,SAFCO Arco Folding Chair,1325.76,6,0.2,149.148,11.25,High,No Discount,6,12,2015,False,True,Profitable
5675,CA-2017-146318,2017-01-22,2017-01-27,Standard Class,MC-17275,Marc Crier,Consumer,United States,Seattle,Washington,98105,West,OFF-PA-10003953,Office Supplies,Paper,Xerox 218,12.96,2,0.0,6.2208,48.0,Micro,No Discount,5,1,2017,True,False,Star Performer
5682,CA-2017-141551,2017-09-24,2017-09-30,Standard Class,BP-11230,Benjamin Patterson,Consumer,United States,Broken Arrow,Oklahoma,74012,Central,OFF-PA-10001569,Office Supplies,Paper,Xerox 232,6.48,1,0.0,3.1104,48.0,Micro,No Discount,6,9,2017,True,False,Star Performer
5731,CA-2018-117324,2018-12-08,2018-12-13,Standard Class,JP-15520,Jeremy Pistek,Consumer,United States,Madison,Wisconsin,53711,Central,FUR-BO-10003159,Furniture,Bookcases,"Sauder Camden County Collection Libraries, Planked Cherry Finish",459.92,4,0.0,41.3928,9.0,Low,No Discount,5,12,2018,True,False,Break-Even
5740,US-2018-147886,2018-03-28,2018-03-31,First Class,DH-13075,Dave Hallsten,Corporate,United States,Fairfield,California,94533,West,OFF-PA-10000232,Office Supplies,Paper,Xerox 1975,12.96,2,0.0,6.3504,49.0,Micro,No Discount,3,3,2018,False,False,Star Performer
5749,CA-2017-113733,2017-12-08,2017-12-12,Standard Class,LH-16900,Lena Hernandez,Consumer,United States,Greenville,North Carolina,27834,South,TEC-AC-10004877,Technology,Accessories,ImationÂ 30456 USBÂ Flash DriveÂ 8GB,16.56,3,0.2,-2.484,-15.0,Micro,No Discount,4,12,2017,False,False,Loss-Making
5750,CA-2018-104913,2018-11-18,2018-11-22,Standard Class,DK-13090,Dave Kipp,Consumer,United States,Long Beach,New York,11561,East,TEC-PH-10000923,Technology,Phones,"Belkin SportFit Armband For iPhone 5s/5c, Fuchsia",74.95,5,0.0,36.7255,49.0,Micro,No Discount,4,11,2018,True,False,Star Performer
5753,CA-2017-125850,2017-01-22,2017-01-28,Standard Class,FP-14320,Frank Preis,Consumer,United States,San Diego,California,92037,West,OFF-LA-10004484,Office Supplies,Labels,Avery 476,20.65,5,0.0,9.499,46.0,Micro,No Discount,6,1,2017,True,False,Star Performer
5769,CA-2016-154900,2016-02-25,2016-03-01,Standard Class,SS-20875,Sung Shariari,Consumer,United States,Leominster,Massachusetts,1453,East,OFF-LA-10001641,Office Supplies,Labels,Avery 518,3.15,1,0.0,1.512,48.0,Micro,No Discount,5,2,2016,False,False,Star Performer
5770,CA-2016-154900,2016-02-25,2016-03-01,Standard Class,SS-20875,Sung Shariari,Consumer,United States,Leominster,Massachusetts,1453,East,OFF-PA-10002377,Office Supplies,Paper,"""Adams Telephone Message Book W/Dividers/Space For Phone Numbers, 5 1/4""""X8 1/2"""""," 200/Messages""",22,4.0,0.0,0.0,Micro,Heavy (>40%),5,2,2016,False,False,Break-Even
5771,CA-2016-103835,2016-09-24,2016-09-28,Standard Class,SC-20440,Shaun Chance,Corporate,United States,Los Angeles,California,90032,West,FUR-FU-10000010,Furniture,Furnishings,"DAX Value U-Channel Document Frames, Easel Back",14.91,3,0.0,4.6221,31.0,Micro,No Discount,4,9,2016,True,False,Star Performer
5796,CA-2015-124856,2015-09-29,2015-10-03,Second Class,LD-17005,Lisa DeCherney,Consumer,United States,New York City,New York,10011,East,OFF-ST-10002615,Office Supplies,Storage,"Dual Level, Single-Width Filing Carts",1395.54,9,0.0,362.8404,26.0,High,No Discount,4,9,2015,False,True,Profitable
5813,US-2016-163279,2016-03-22,2016-03-26,Standard Class,JD-16150,Justin Deggeller,Corporate,United States,San Diego,California,92037,West,TEC-PH-10001795,Technology,Phones,ClearOne CHATAttach 160 -Â speaker phone,1487.976,3,0.2,185.997,12.5,High,No Discount,4,3,2016,False,True,Profitable
5821,CA-2018-117632,2018-05-12,2018-05-18,Standard Class,CS-12175,Charles Sheldon,Corporate,United States,San Francisco,California,94122,West,OFF-SU-10000157,Office Supplies,Supplies,Compact Automatic Electric Letter Opener,238.62,2,0.0,4.7724,2.0,Low,No Discount,6,5,2018,True,False,Break-Even
5875,CA-2018-133095,2018-06-04,2018-06-04,Same Day,EH-14005,Erica Hernandez,Home Office,United States,Jonesboro,Arkansas,72401,South,OFF-BI-10004141,Office Supplies,Binders,Insertable Tab Indexes For Data Binders,9.54,3,0.0,4.3884,46.0,Micro,No Discount,0,6,2018,False,False,Star Performer
5898,CA-2017-167682,2017-04-03,2017-04-09,Standard Class,ZD-21925,Zuschuss Donatelli,Consumer,United States,Richmond,Indiana,47374,Central,FUR-FU-10003799,Furniture,Furnishings,"""Seth Thomas 13 1/2"""" Wall Clock""",71.12,4,0.0,22.0472,31.0,Micro,No Discount,6,4,2017,False,False,Star Performer
5901,CA-2016-146465,2016-11-20,2016-11-24,Standard Class,PB-18805,Patrick Bzostek,Home Office,United States,San Francisco,California,94122,West,OFF-BI-10004528,Office Supplies,Binders,Cardinal Poly Pocket Divider Pockets for Ring Binders,24.192,9,0.2,7.56,31.25,Micro,No Discount,4,11,2016,True,False,Star Performer
5912,CA-2017-155383,2017-12-17,2017-12-22,Standard Class,SC-20680,Steve Carroll,Home Office,United States,Seattle,Washington,98115,West,OFF-ST-10001328,Office Supplies,Storage,"Personal Filing Tote with Lid, Black/Gray",53.51,3,0.0,14.33,28.0,Micro,No Discount,5,12,2017,True,False,Profitable
5944,CA-2015-104178,2015-08-25,2015-08-29,Standard Class,JM-15265,Janet Molinari,Corporate,United States,Los Angeles,California,90036,West,FUR-FU-10000771,Furniture,Furnishings,"Eldon 200 Class Desk Accessories, Smoke",6.28,1,0.0,2.6376,42.0,Micro,No Discount,4,8,2015,False,False,Star Performer
5948,CA-2016-115924,2016-09-14,2016-09-18,Second Class,BE-11455,Brad Eason,Home Office,United States,Des Moines,Iowa,50315,Central,OFF-BI-10004040,Office Supplies,Binders,Wilson Jones Impact Binders,25.9,5,0.0,12.691,49.0,Micro,No Discount,4,9,2016,False,False,Star Performer
5967,CA-2018-119011,2018-08-20,2018-08-25,Standard Class,LR-17035,Lisa Ryan,Corporate,United States,San Francisco,California,94109,West,TEC-PH-10003171,Technology,Phones,Plantronics Encore H101 Dual EarpiecesÂ Headset,107.88,3,0.2,10.788,10.0,Low,No Discount,5,8,2018,False,False,Profitable
5977,CA-2018-102155,2018-07-13,2018-07-17,Standard Class,RR-19525,Rick Reed,Corporate,United States,Overland Park,Kansas,66212,Central,OFF-PA-10003673,Office Supplies,Paper,Strathmore Photo Mount Cards,13.56,2,0.0,6.2376,46.0,Micro,No Discount,4,7,2018,False,False,Star Performer
6036,US-2016-155369,2016-04-19,2016-04-25,Standard Class,PG-18820,Patrick Gardner,Consumer,United States,Carrollton,Texas,75007,Central,OFF-BI-10003925,Office Supplies,Binders,Fellowes PB300 Plastic Comb Binding Machine,310.392,4,0.8,-512.1468,-165.0,Low,No Discount,6,4,2016,False,False,Loss-Making
6041,CA-2018-122364,2018-09-24,2018-09-29,Standard Class,FA-14230,Frank Atkinson,Corporate,United States,Los Angeles,California,90008,West,TEC-PH-10001817,Technology,Phones,Wilson Electronics DB Pro Signal Booster,988.08,3,0.2,82.7,8.75,Medium,No Discount,5,9,2018,False,True,Break-Even
6050,CA-2017-152765,2017-06-15,2017-06-18,First Class,LS-17245,Lynn Smith,Consumer,United States,Houston,Texas,77036,Central,OFF-PA-10000483,Office Supplies,Paper,Xerox 19,173.488,7,0.2,54.215,31.25,Low,No Discount,3,6,2017,False,False,Star Performer
6079,CA-2017-151561,2017-09-01,2017-09-07,Standard Class,PG-18820,Patrick Gardner,Consumer,United States,New York City,New York,10011,East,OFF-SU-10001574,Office Supplies,Supplies,Acme Value Line Scissors,10.95,3,0.0,3.285,30.0,Micro,No Discount,6,9,2017,False,False,Star Performer
6115,CA-2017-124590,2017-11-12,2017-11-16,Standard Class,SP-20920,Susan Pistek,Consumer,United States,Parma,Ohio,44134,East,FUR-CH-10003746,Furniture,Chairs,Hon 4070 Series Pagoda Round Back Stacking Chairs,449.372,2,0.3,-12.8392,-2.86,Low,No Discount,4,11,2017,True,False,Loss-Making
6136,CA-2016-105613,2016-10-18,2016-10-22,Standard Class,KN-16705,Kristina Nunn,Home Office,United States,Mcallen,Texas,78501,Central,TEC-AC-10000521,Technology,Accessories,"Verbatim Slim CD and DVD Storage Cases, 50/Pack",27.696,3,0.2,3.462,12.5,Micro,No Discount,4,10,2016,False,False,Profitable
6177,CA-2016-158421,2016-09-21,2016-09-26,Standard Class,GB-14575,Giulietta Baptist,Consumer,United States,Columbia,South Carolina,29203,South,OFF-ST-10002444,Office Supplies,Storage,Recycled Eldon Regeneration Jumbo File,85.96,7,0.0,24.0688,28.0,Micro,No Discount,5,9,2016,False,False,Profitable
6186,CA-2016-138331,2016-08-07,2016-08-12,Standard Class,JK-15625,Jim Karlsson,Consumer,United States,Philadelphia,Pennsylvania,19120,East,OFF-AR-10002952,Office Supplies,Art,Stanley Contemporary Battery Pencil Sharpeners,106.8,10,0.2,10.68,10.0,Low,No Discount,5,8,2016,True,False,Profitable
6193,CA-2018-104927,2018-12-22,2018-12-26,Standard Class,AG-10330,Alex Grayson,Consumer,United States,Houston,Texas,77095,Central,OFF-PA-10000019,Office Supplies,Paper,Xerox 1931,25.92,5,0.2,9.072,35.0,Micro,No Discount,4,12,2018,True,False,Star Performer
6201,CA-2016-146675,2016-04-16,2016-04-20,Standard Class,SB-20185,Sarah Brown,Consumer,United States,Evanston,Illinois,60201,Central,TEC-CO-10001766,Technology,Copiers,Canon PC940 Copier,1439.968,4,0.2,485.9892,33.75,High,No Discount,4,4,2016,True,True,Star Performer
6206,CA-2017-133697,2017-10-20,2017-10-24,Second Class,CM-12445,Chuck Magee,Consumer,United States,Houston,Texas,77095,Central,OFF-PA-10000726,Office Supplies,Paper,"""Black Print Carbonless Snap-Off Rapid Letter, 8 1/2"""" x 7""""""",51.016,7,0.2,15.9425,31.25,Micro,No Discount,4,10,2017,False,False,Star Performer
6209,CA-2018-148138,2018-09-29,2018-10-03,Standard Class,ME-18010,Michelle Ellison,Corporate,United States,Marion,Ohio,43302,East,OFF-ST-10000563,Office Supplies,Storage,Fellowes Bankers Box Stor/Drawer Steel Plus,51.168,2,0.2,-6.396,-12.5,Micro,No Discount,4,9,2018,True,False,Loss-Making
6230,CA-2017-148208,2017-01-22,2017-01-27,Standard Class,BT-11530,Bradley Talbott,Home Office,United States,Cleveland,Ohio,44105,East,TEC-AC-10000171,Technology,Accessories,"Verbatim 25 GB 6x Blu-ray Single Layer Recordable Disc, 25/Pack",63.45,3,0.2,17.45,28.75,Micro,No Discount,5,1,2017,True,False,Profitable
6248,CA-2018-121580,2018-05-29,2018-06-04,Standard Class,ML-17410,Maris LaWare,Consumer,United States,Columbus,Indiana,47201,Central,OFF-BI-10000632,Office Supplies,Binders,Satellite Sectional Post Binders,43.41,1,0.0,19.9686,46.0,Micro,No Discount,6,5,2018,False,False,Star Performer
6249,CA-2018-121580,2018-05-29,2018-06-04,Standard Class,ML-17410,Maris LaWare,Consumer,United States,Columbus,Indiana,47201,Central,FUR-FU-10003981,Furniture,Furnishings,Eldon Wave Desk Accessories,6.24,3,0.0,2.6208,42.0,Micro,No Discount,6,5,2018,False,False,Star Performer
6284,CA-2017-100944,2017-09-24,2017-09-28,Standard Class,EH-13765,Edward Hooks,Corporate,United States,Los Angeles,California,90049,West,OFF-EN-10001453,Office Supplies,Envelopes,"""Tyvek Interoffice Envelopes, 9 1/2"""" x 12 1/2"""""," 100/Box""",304,5.0,0.0,0.0,Micro,Heavy (>40%),4,9,2017,True,False,Break-Even
6290,US-2016-139675,2016-03-13,2016-03-18,Second Class,NF-18595,Nicole Fjeld,Home Office,United States,Chico,California,95928,West,FUR-CH-10004063,Furniture,Chairs,Global Deluxe High-Back Manager's Chair,915.136,4,0.2,102.9528,11.25,Medium,No Discount,5,3,2016,True,True,Profitable
6298,CA-2015-141313,2015-12-28,2016-01-01,Standard Class,AJ-10780,Anthony Jacobs,Corporate,United States,Beverly,Massachusetts,1915,East,OFF-PA-10003302,Office Supplies,Paper,Xerox 1906,141.76,4,0.0,66.6272,47.0,Low,No Discount,4,12,2015,False,False,Star Performer
6318,CA-2015-100762,2015-11-24,2015-11-29,Standard Class,NG-18355,Nat Gilpin,Corporate,United States,Jackson,Michigan,49201,Central,OFF-PA-10004082,Office Supplies,Paper,"Adams Telephone Message Book w/Frequently-Called Numbers Space, 400 Messages per Book",15.96,2,0.0,7.98,50.0,Micro,No Discount,5,11,2015,False,False,Star Performer
6320,CA-2018-161459,2018-11-25,2018-11-29,Second Class,EB-13750,Edward Becker,Corporate,United States,Laguna Niguel,California,92677,West,OFF-PA-10002377,Office Supplies,Paper,"""Adams Telephone Message Book W/Dividers/Space For Phone Numbers, 5 1/4""""X8 1/2"""""," 200/Messages""",34,6.0,0.0,0.0,Micro,Heavy (>40%),4,11,2018,True,False,Break-Even
6325,CA-2016-110289,2016-10-29,2016-11-02,Standard Class,NB-18655,Nona Balk,Corporate,United States,San Francisco,California,94109,West,OFF-PA-10002986,Office Supplies,Paper,Xerox 1898,33.4,5,0.0,16.032,48.0,Micro,No Discount,4,10,2016,True,False,Star Performer
6327,CA-2015-167927,2015-01-20,2015-01-26,Standard Class,XP-21865,Xylona Preis,Consumer,United States,Westland,Michigan,48185,Central,OFF-ST-10000760,Office Supplies,Storage,Eldon Fold 'N Roll Cart System,13.98,1,0.0,4.0542,29.0,Micro,No Discount,6,1,2015,False,False,Profitable
6332,CA-2015-167927,2015-01-20,2015-01-26,Standard Class,XP-21865,Xylona Preis,Consumer,United States,Westland,Michigan,48185,Central,OFF-AR-10004456,Office Supplies,Art,Panasonic KP-4ABK Battery-Operated Pencil Sharpener,50.51,3,0.0,14.01,29.0,Micro,No Discount,6,1,2015,False,False,Profitable
6342,US-2017-105830,2017-12-31,2018-01-02,First Class,DB-13660,Duane Benoit,Consumer,United States,Lancaster,Ohio,43130,East,OFF-ST-10002554,Office Supplies,Storage,Tennsco Industrial Shelving,156.512,4,0.2,-35.2152,-22.5,Low,No Discount,2,12,2017,True,False,Loss-Making
6348,CA-2016-104486,2016-05-01,2016-05-06,Standard Class,PO-18850,Patrick O'Brill,Consumer,United States,San Francisco,California,94109,West,OFF-BI-10000309,Office Supplies,Binders,"""GBC Twin Loop Wire Binding Elements, 9/16"""" Spine"," Black""",12,1.0,0.2,0.0,Micro,Heavy (>40%),5,5,2016,True,False,Break-Even
6351,CA-2018-161557,2018-09-03,2018-09-08,Standard Class,AG-10900,Arthur Gainer,Consumer,United States,Dallas,Texas,75217,Central,FUR-FU-10004622,Furniture,Furnishings,Eldon Advantage Foldable Chair Mats for Low Pile Carpets,108.4,5,0.6,-105.69,-97.5,Low,No Discount,5,9,2018,False,False,Loss-Making
6354,US-2016-109015,2016-09-06,2016-09-12,Standard Class,BS-11590,Brendan Sweed,Corporate,United States,New York City,New York,10011,East,OFF-AP-10001962,Office Supplies,Appliances,Black & Decker Filter for Double Action Dustbuster Cordless Vac BLDV7210,8.39,1,0.0,2.0975,25.0,Micro,No Discount,6,9,2016,False,False,Profitable
6359,CA-2018-139080,2018-01-23,2018-01-28,Standard Class,CS-12250,Chris Selesnick,Corporate,United States,Seattle,Washington,98103,West,OFF-PA-10002262,Office Supplies,Paper,Xerox 192,6.48,1,0.0,3.1104,48.0,Micro,No Discount,5,1,2018,False,False,Star Performer
6402,CA-2018-125472,2018-05-30,2018-05-31,First Class,BD-11725,Bruce Degenhardt,Consumer,United States,Lafayette,Louisiana,70506,South,FUR-BO-10000330,Furniture,Bookcases,"Sauder Camden County Barrister Bookcase, Planked Cherry Finish",241.96,2,0.0,33.8744,14.0,Low,No Discount,1,5,2018,False,False,Profitable
6410,CA-2018-161774,2018-05-14,2018-05-15,First Class,GT-14710,Greg Tran,Consumer,United States,Houston,Texas,77041,Central,OFF-PA-10000300,Office Supplies,Paper,Xerox 1936,47.952,3,0.2,16.1838,33.75,Micro,No Discount,1,5,2018,False,False,Star Performer
6441,CA-2017-101161,2017-10-13,2017-10-20,Standard Class,BW-11110,Bart Watters,Corporate,United States,New York City,New York,10024,East,OFF-AR-10001860,Office Supplies,Art,BIC Liqua Brite Liner,34.7,5,0.0,12.492,36.0,Micro,No Discount,7,10,2017,False,False,Star Performer
6457,CA-2015-110065,2015-08-05,2015-08-11,Standard Class,SP-20650,Stephanie Phelps,Corporate,United States,New York City,New York,10009,East,TEC-PH-10002468,Technology,Phones,"Plantronics CS 50-USB -Â headsetÂ - Convertible, Monaural",135.99,1,0.0,36.7173,27.0,Low,No Discount,6,8,2015,False,False,Profitable
6461,US-2018-133361,2018-05-14,2018-05-17,First Class,AJ-10780,Anthony Jacobs,Corporate,United States,Baltimore,Maryland,21215,East,OFF-AR-10003338,Office Supplies,Art,"""Eberhard Faber 3 1/2"""" Golf Pencils""",37.2,5,0.0,9.3,25.0,Micro,No Discount,3,5,2018,False,False,Profitable
6464,US-2018-133361,2018-05-14,2018-05-17,First Class,AJ-10780,Anthony Jacobs,Corporate,United States,Baltimore,Maryland,21215,East,OFF-LA-10004544,Office Supplies,Labels,Avery 505,74.0,5,0.0,37.0,50.0,Micro,No Discount,3,5,2018,False,False,Star Performer
6544,US-2018-107888,2018-11-16,2018-11-19,First Class,CC-12220,Chris Cortes,Consumer,United States,Seattle,Washington,98103,West,OFF-ST-10003123,Office Supplies,Storage,Fellowes Bases and Tops For Staxonsteel/High-Stak Systems,33.29,1,0.0,7.9896,24.0,Micro,No Discount,3,11,2018,False,False,Profitable
6568,CA-2018-131282,2018-02-05,2018-02-08,Second Class,CB-12025,Cassandra Brandow,Consumer,United States,Waco,Texas,76706,Central,OFF-AR-10003087,Office Supplies,Art,Staples in misc. colors,7.12,5,0.2,0.712,10.0,Micro,No Discount,3,2,2018,False,False,Profitable
6592,CA-2016-103716,2016-04-30,2016-05-06,Standard Class,KB-16585,Ken Black,Corporate,United States,San Francisco,California,94110,West,OFF-AR-10000658,Office Supplies,Art,Newell 324,34.65,3,0.0,9.702,28.0,Micro,No Discount,6,4,2016,True,False,Profitable
6599,CA-2015-169257,2015-06-06,2015-06-12,Standard Class,SV-20785,Stewart Visinsky,Consumer,United States,Jacksonville,Florida,32216,South,OFF-PA-10002319,Office Supplies,Paper,Xerox 1944,62.016,2,0.2,22.4808,36.25,Micro,No Discount,6,6,2015,True,False,Star Performer
6627,CA-2015-145541,2015-12-14,2015-12-21,Standard Class,TB-21400,Tom Boeckenhauer,Consumer,United States,New York City,New York,10024,East,TEC-MA-10001127,Technology,Machines,"""HP Designjet T520 Inkjet Large Format Printer - 24"""" Color""",6999.96,4,0.0,2239.9872,32.0,High,No Discount,7,12,2015,False,True,Star Performer
6633,US-2017-146857,2017-05-06,2017-05-08,Second Class,BE-11455,Brad Eason,Home Office,United States,Springfield,Missouri,65807,Central,OFF-AP-10001205,Office Supplies,Appliances,Belkin 5 Outlet SurgeMaster Power Centers,54.48,1,0.0,15.2544,28.0,Micro,No Discount,2,5,2017,True,False,Profitable
6655,CA-2018-135937,2018-02-20,2018-02-27,Standard Class,KM-16375,Katherine Murray,Home Office,United States,Gilbert,Arizona,85234,West,TEC-PH-10004447,Technology,Phones,Toshiba IPT2010-SD IPÂ Telephone,333.576,3,0.2,25.0182,7.5,Low,No Discount,7,2,2018,False,False,Break-Even
6689,CA-2018-140494,2018-03-10,2018-03-15,Second Class,CM-11815,Candace McMahon,Corporate,United States,San Francisco,California,94109,West,TEC-AC-10004568,Technology,Accessories,MaxellÂ LTO Ultrium - 800 GB,111.96,4,0.0,21.2724,19.0,Low,No Discount,5,3,2018,True,False,Profitable
6704,CA-2016-139164,2016-06-23,2016-06-28,Standard Class,CS-12355,Christine Sundaresam,Consumer,United States,Long Beach,California,90805,West,TEC-PH-10002468,Technology,Phones,"Plantronics CS 50-USB -Â headsetÂ - Convertible, Monaural",217.584,2,0.2,19.0386,8.75,Low,No Discount,5,6,2016,False,False,Break-Even
6720,CA-2017-130442,2017-12-16,2017-12-19,First Class,SF-20065,Sandra Flanagan,Consumer,United States,Goldsboro,North Carolina,27534,South,OFF-AP-10004859,Office Supplies,Appliances,Acco 6 Outlet Guardian Premium Surge Suppressor,34.944,3,0.2,3.0576,8.75,Micro,No Discount,3,12,2017,True,False,Break-Even
6732,CA-2016-156734,2016-06-18,2016-06-20,First Class,BV-11245,Benjamin Venier,Corporate,United States,Smyrna,Tennessee,37167,South,OFF-PA-10001937,Office Supplies,Paper,Xerox 21,20.736,4,0.2,7.2576,35.0,Micro,No Discount,2,6,2016,True,False,Star Performer
6735,CA-2016-141754,2016-12-20,2016-12-25,Standard Class,EM-14200,Evan Minnotte,Home Office,United States,Miami,Florida,33142,South,OFF-LA-10004093,Office Supplies,Labels,Avery 486,11.696,2,0.2,3.9474,33.75,Micro,No Discount,5,12,2016,False,False,Star Performer
6751,CA-2017-154767,2017-06-28,2017-06-30,Second Class,BP-11155,Becky Pak,Consumer,United States,Paterson,New Jersey,7501,East,FUR-CH-10003535,Furniture,Chairs,"Global Armless Task Chair, Royal Blue",121.96,2,0.0,20.7332,17.0,Low,No Discount,2,6,2017,False,False,Profitable
6779,US-2017-147711,2017-09-03,2017-09-08,Second Class,HF-14995,Herbert Flentye,Consumer,United States,Baltimore,Maryland,21215,East,FUR-BO-10003159,Furniture,Bookcases,"Sauder Camden County Collection Libraries, Planked Cherry Finish",344.94,3,0.0,31.0446,9.0,Low,No Discount,5,9,2017,True,False,Break-Even
6790,CA-2016-161445,2016-09-07,2016-09-09,Second Class,CC-12610,Corey Catlett,Corporate,United States,Durham,North Carolina,27707,South,OFF-AR-10001953,Office Supplies,Art,Boston 1645 Deluxe Heavier-Duty Electric Pencil Sharpener,140.736,4,0.2,12.3144,8.75,Low,No Discount,2,9,2016,False,False,Break-Even
6825,CA-2016-154291,2016-07-25,2016-07-29,Standard Class,YS-21880,Yana Sorensen,Corporate,United States,Montgomery,Alabama,36116,South,FUR-TA-10002041,Furniture,Tables,"Bevis Round Conference Table Top, X-Base",358.58,2,0.0,39.4438,11.0,Low,No Discount,4,7,2016,False,False,Profitable
6835,CA-2017-142615,2017-11-20,2017-11-24,Standard Class,BM-11575,Brendan Murry,Corporate,United States,Montebello,California,90640,West,TEC-AC-10004803,Technology,Accessories,Sony Micro Vault Click 4 GB USB 2.0 Flash Drive,27.88,2,0.0,3.9032,14.0,Micro,No Discount,4,11,2017,False,False,Profitable
6840,CA-2018-107517,2018-02-05,2018-02-09,Standard Class,FC-14335,Fred Chung,Corporate,United States,Torrance,California,90503,West,TEC-PH-10003505,Technology,Phones,Geemarc AmpliPOWER60,371.2,5,0.2,41.76,11.25,Low,No Discount,4,2,2018,False,False,Profitable
6848,CA-2017-162110,2017-07-18,2017-07-22,Standard Class,NP-18670,Nora Paige,Consumer,United States,Phoenix,Arizona,85023,West,TEC-PH-10001924,Technology,Phones,iHome FM Clock Radio with Lightning Dock,55.992,1,0.2,3.4995,6.25,Micro,No Discount,4,7,2017,False,False,Break-Even
6877,US-2017-121013,2017-09-05,2017-09-10,Standard Class,MM-17920,Michael Moore,Consumer,United States,Chesapeake,Virginia,23320,South,FUR-TA-10003238,Furniture,Tables,"""Chromcraft Bull-Nose Wood 48"""" x 96"""" Rectangular Conference Tables""",1652.94,3,0.0,314.0586,19.0,High,No Discount,5,9,2017,False,True,Profitable
6897,CA-2018-164756,2018-09-18,2018-09-22,Standard Class,SS-20140,Saphhira Shifley,Corporate,United States,Columbus,Georgia,31907,South,OFF-PA-10003228,Office Supplies,Paper,Xerox 1917,244.55,5,0.0,114.9385,47.0,Low,No Discount,4,9,2018,False,False,Star Performer
6903,CA-2018-111220,2018-09-02,2018-09-08,Standard Class,JS-15595,Jill Stevenson,Corporate,United States,Chicago,Illinois,60653,Central,OFF-FA-10002280,Office Supplies,Fasteners,Advantus Plastic Paper Clips,16.0,4,0.2,5.6,35.0,Micro,No Discount,6,9,2018,True,False,Star Performer
6909,US-2018-135503,2018-12-10,2018-12-15,Standard Class,JE-16165,Justin Ellison,Corporate,United States,North Charleston,South Carolina,29406,South,FUR-FU-10002364,Furniture,Furnishings,"Eldon Expressions Wood Desk Accessories, Oak",14.76,2,0.0,4.2804,29.0,Micro,No Discount,5,12,2018,False,False,Profitable
6934,CA-2015-164182,2015-07-14,2015-07-18,Standard Class,ST-20530,Shui Tom,Consumer,United States,Philadelphia,Pennsylvania,19140,East,FUR-FU-10001057,Furniture,Furnishings,Tensor Track Tree Floor Lamp,31.984,2,0.2,1.1994,3.75,Micro,No Discount,4,7,2015,False,False,Break-Even
6941,CA-2018-107132,2018-06-26,2018-06-30,Standard Class,SC-20260,Scott Cohen,Corporate,United States,New York City,New York,10009,East,OFF-SU-10002503,Office Supplies,Supplies,Acme Preferred Stainless Steel Scissors,28.4,5,0.0,8.236,29.0,Micro,No Discount,4,6,2018,False,False,Profitable
6945,CA-2015-148369,2015-09-23,2015-09-27,Standard Class,TH-21115,Thea Hudgings,Corporate,United States,Newark,Delaware,19711,East,OFF-BI-10004876,Office Supplies,Binders,Wilson Jones Suede Grain Vinyl Binders,11.12,4,0.0,5.4488,49.0,Micro,No Discount,4,9,2015,False,False,Star Performer
6990,CA-2018-165099,2018-12-11,2018-12-13,First Class,DK-13375,Dennis Kane,Consumer,United States,Abilene,Texas,79605,Central,OFF-AP-10001634,Office Supplies,Appliances,Hoover Commercial Lightweight Upright Vacuum,1.392,2,0.8,-3.7584,-270.0,Micro,No Discount,2,12,2018,False,False,Loss-Making
6999,US-2017-134369,2017-09-16,2017-09-22,Standard Class,BC-11125,Becky Castell,Home Office,United States,Laguna Niguel,California,92677,West,OFF-PA-10002195,Office Supplies,Paper,Xerox 1966,14.9,2,0.0,6.99,49.0,Micro,No Discount,6,9,2017,True,False,Star Performer
7002,CA-2016-104871,2016-03-30,2016-04-03,Standard Class,DR-12940,Daniel Raglin,Home Office,United States,Normal,Illinois,61761,Central,FUR-CH-10003298,Furniture,Chairs,"Office Star - Contemporary Task Swivel chair with Loop Arms, Charcoal",366.744,4,0.3,-110.0232,-30.0,Low,No Discount,4,3,2016,False,False,Loss-Making
7018,CA-2015-114790,2015-03-11,2015-03-13,Second Class,FM-14215,Filia McAdams,Corporate,United States,Richmond,Kentucky,40475,South,OFF-PA-10000213,Office Supplies,Paper,Xerox 198,14.94,3,0.0,7.0218,47.0,Micro,No Discount,2,3,2015,False,False,Star Performer
7023,CA-2015-124737,2015-08-23,2015-08-27,Standard Class,AP-10915,Arthur Prichep,Consumer,United States,Denver,Colorado,80219,West,TEC-PH-10000149,Technology,Phones,Cisco SPA525G2 IP Phone - Wireless,143.64,9,0.2,10.773,7.5,Low,No Discount,4,8,2015,True,False,Break-Even
7029,US-2017-157840,2017-12-20,2017-12-23,Second Class,MC-17575,Matt Collins,Consumer,United States,Fremont,Nebraska,68025,Central,OFF-PA-10003673,Office Supplies,Paper,Strathmore Photo Mount Cards,33.9,5,0.0,15.594,46.0,Micro,No Discount,3,12,2017,False,False,Star Performer
7111,CA-2017-109666,2017-04-19,2017-04-26,Standard Class,KM-16720,Kunst Miller,Consumer,United States,New York City,New York,10035,East,OFF-SU-10002522,Office Supplies,Supplies,Acme Kleen Earth Office Shears,7.76,2,0.0,2.2504,29.0,Micro,No Discount,7,4,2017,False,False,Profitable
7166,CA-2017-158610,2017-09-19,2017-09-22,First Class,CK-12595,Clytie Kelty,Consumer,United States,Providence,Rhode Island,2908,East,OFF-ST-10000604,Office Supplies,Storage,Home/Office Personal File Carts,69.52,2,0.0,17.38,25.0,Micro,No Discount,3,9,2017,False,False,Profitable
7171,US-2018-168613,2018-10-08,2018-10-14,Standard Class,GM-14440,Gary McGarr,Consumer,United States,New York City,New York,10009,East,FUR-CH-10002372,Furniture,Chairs,Office Star - Ergonomically Designed Knee Chair,145.764,2,0.1,3.2392,2.22,Low,No Discount,6,10,2018,False,False,Break-Even
7175,US-2018-141677,2018-03-26,2018-03-30,Standard Class,HK-14890,Heather Kirkland,Corporate,United States,Houston,Texas,77070,Central,OFF-PA-10002581,Office Supplies,Paper,Xerox 1951,74.352,3,0.2,23.235,31.25,Micro,No Discount,4,3,2018,False,False,Star Performer
7216,CA-2016-103072,2016-09-27,2016-09-30,Second Class,HW-14935,Helen Wasserman,Corporate,United States,Detroit,Michigan,48205,Central,OFF-PA-10003172,Office Supplies,Paper,Xerox 1996,25.92,4,0.0,12.4416,48.0,Micro,No Discount,3,9,2016,False,False,Star Performer
7217,CA-2016-150770,2016-05-03,2016-05-06,First Class,LC-16870,Lena Cacioppo,Consumer,United States,San Francisco,California,94109,West,OFF-AR-10001246,Office Supplies,Art,Newell 317,8.82,3,0.0,2.5578,29.0,Micro,No Discount,3,5,2016,False,False,Profitable
7222,US-2018-104437,2018-01-27,2018-01-31,Standard Class,TG-21310,Toby Gnade,Consumer,United States,New York City,New York,10035,East,TEC-PH-10000193,Technology,Phones,Jensen SMPS-640 -Â speaker phone,158.63,3,0.0,39.45,26.0,Low,No Discount,4,1,2018,True,False,Profitable
7249,US-2015-127978,2015-03-03,2015-03-08,Standard Class,JS-15595,Jill Stevenson,Corporate,United States,Columbus,Ohio,43229,East,OFF-ST-10002486,Office Supplies,Storage,Eldon Shelf Savers Cubes and Bins,44.672,8,0.2,-10.0512,-22.5,Micro,No Discount,5,3,2015,False,False,Loss-Making
7255,CA-2017-152730,2017-05-30,2017-06-04,Standard Class,EM-14140,Eugene Moren,Home Office,United States,Superior,Wisconsin,54880,Central,FUR-FU-10001037,Furniture,Furnishings,"DAX Charcoal/Nickel-Tone Document Frame, 5 x 7",47.4,5,0.0,21.33,45.0,Micro,No Discount,5,5,2017,False,False,Star Performer
7265,CA-2018-122056,2018-06-13,2018-06-17,Standard Class,PG-18895,Paul Gonzalez,Consumer,United States,Springfield,Virginia,22153,South,OFF-AR-10004260,Office Supplies,Art,Boston 1799 Powerhouse Electric Pencil Sharpener,181.86,7,0.0,50.9208,28.0,Low,No Discount,4,6,2018,False,False,Profitable
7283,CA-2018-155936,2018-06-22,2018-06-29,Standard Class,JK-15730,Joe Kamberova,Consumer,United States,Chicago,Illinois,60653,Central,OFF-BI-10002432,Office Supplies,Binders,Wilson Jones Standard D-Ring Binders,3.036,3,0.8,-5.0094,-165.0,Micro,No Discount,7,6,2018,False,False,Loss-Making
7284,CA-2018-169439,2018-09-09,2018-09-13,Standard Class,LC-17140,Logan Currie,Consumer,United States,Cleveland,Ohio,44105,East,OFF-AR-10001374,Office Supplies,Art,"BIC Brite Liner Highlighters, Chisel Tip",25.92,5,0.2,3.888,15.0,Micro,No Discount,4,9,2018,True,False,Profitable
7311,CA-2016-121699,2016-08-10,2016-08-14,Standard Class,BD-11320,Bill Donatelli,Consumer,United States,Detroit,Michigan,48227,Central,OFF-BI-10004632,Office Supplies,Binders,GBC Binding covers,64.75,5,0.0,29.1375,45.0,Micro,No Discount,4,8,2016,False,False,Star Performer
7315,CA-2017-121377,2017-05-28,2017-06-02,Standard Class,TN-21040,Tanja Norvell,Home Office,United States,Park Ridge,Illinois,60068,Central,TEC-PH-10001817,Technology,Phones,Wilson Electronics DB Pro Signal Booster,286.4,1,0.2,25.06,8.75,Low,No Discount,5,5,2017,True,False,Break-Even
7395,CA-2018-147844,2018-05-02,2018-05-06,Standard Class,DD-13570,Dorothy Dickinson,Consumer,United States,Los Angeles,California,90049,West,OFF-PA-10002713,Office Supplies,Paper,"Adams Phone Message Book, 200 Message Capacity, 8 1/16â x 11â",34.4,5,0.0,15.824,46.0,Micro,No Discount,4,5,2018,False,False,Star Performer
7433,CA-2015-161249,2015-08-09,2015-08-13,Standard Class,RD-19720,Roger Demir,Consumer,United States,Phoenix,Arizona,85023,West,OFF-FA-10004838,Office Supplies,Fasteners,"Super Bands, 12/Pack",4.464,3,0.2,-0.9486,-21.25,Micro,No Discount,4,8,2015,True,False,Loss-Making
7434,CA-2015-161249,2015-08-09,2015-08-13,Standard Class,RD-19720,Roger Demir,Consumer,United States,Phoenix,Arizona,85023,West,OFF-BI-10001097,Office Supplies,Binders,Avery Hole Reinforcements,9.345,5,0.7,-6.5415,-70.0,Micro,No Discount,4,8,2015,True,False,Loss-Making
7454,CA-2018-134796,2018-06-25,2018-07-01,Standard Class,FM-14380,Fred McMath,Consumer,United States,Bolingbrook,Illinois,60440,Central,TEC-PH-10003505,Technology,Phones,Geemarc AmpliPOWER60,148.48,2,0.2,16.704,11.25,Low,No Discount,6,6,2018,False,False,Profitable
7461,US-2016-136987,2016-04-11,2016-04-14,Second Class,AR-10540,Andy Reiter,Consumer,United States,Los Angeles,California,90004,West,TEC-CO-10001943,Technology,Copiers,Canon PC-428 Personal Copier,639.968,4,0.2,215.9892,33.75,Medium,No Discount,3,4,2016,False,True,Star Performer
7497,CA-2018-121048,2018-07-14,2018-07-18,Standard Class,TC-21295,Toby Carlisle,Consumer,United States,Westminster,California,92683,West,FUR-FU-10003601,Furniture,Furnishings,"Deflect-o RollaMat Studded, Beveled Mat for Medium Pile Carpeting",276.69,3,0.0,49.8042,18.0,Low,No Discount,4,7,2018,True,False,Profitable
7538,CA-2017-106460,2017-02-19,2017-02-22,Second Class,GT-14710,Greg Tran,Consumer,United States,San Francisco,California,94109,West,OFF-PA-10001736,Office Supplies,Paper,Xerox 1880,70.88,2,0.0,33.3136,47.0,Micro,No Discount,3,2,2017,True,False,Star Performer
7553,CA-2015-140396,2015-11-20,2015-11-25,Standard Class,KH-16330,Katharine Harms,Corporate,United States,New York City,New York,10024,East,OFF-BI-10003669,Office Supplies,Binders,3M Organizer Strips,14.9,3,0.2,4.99,35.0,Micro,No Discount,5,11,2015,False,False,Star Performer
7597,CA-2016-164567,2016-06-15,2016-06-19,Standard Class,GK-14620,Grace Kelly,Corporate,United States,Los Angeles,California,90004,West,TEC-PH-10002103,Technology,Phones,Jabra SPEAK 410,225.576,3,0.2,22.5576,10.0,Low,No Discount,4,6,2016,False,False,Profitable
7609,CA-2018-163209,2018-05-03,2018-05-07,Standard Class,MK-18160,Mike Kennedy,Consumer,United States,San Francisco,California,94122,West,OFF-PA-10001166,Office Supplies,Paper,Xerox 2,25.92,4,0.0,12.4416,48.0,Micro,No Discount,4,5,2018,False,False,Star Performer
7613,US-2016-130491,2016-02-08,2016-02-11,First Class,BH-11710,Brosina Hoffman,Consumer,United States,Garden City,Kansas,67846,Central,OFF-FA-10000134,Office Supplies,Fasteners,"Advantus Push Pins, Aluminum Head",5.81,1,0.0,1.8011,31.0,Micro,No Discount,3,2,2016,False,False,Star Performer
7675,CA-2016-130974,2016-11-27,2016-11-29,Second Class,MA-17560,Matt Abelman,Home Office,United States,Everett,Massachusetts,2149,East,FUR-TA-10004619,Furniture,Tables,Hon Non-Folding Utility Tables,446.068,4,0.3,0.0,0.0,Low,No Discount,2,11,2016,True,False,Break-Even
7694,CA-2015-102330,2015-12-29,2016-01-03,Standard Class,AI-10855,Arianne Irving,Consumer,United States,Brentwood,California,94513,West,TEC-PH-10001051,Technology,Phones,HTC One,319.968,4,0.2,35.9964,11.25,Low,No Discount,5,12,2015,False,False,Profitable
7723,US-2018-138086,2018-04-16,2018-04-20,Standard Class,JO-15550,Jesus Ocampo,Home Office,United States,San Francisco,California,94109,West,OFF-AP-10000027,Office Supplies,Appliances,Hoover Commercial SteamVac,46.85,3,0.0,13.44,30.0,Micro,No Discount,4,4,2018,False,False,Star Performer
7727,CA-2017-113978,2017-09-25,2017-09-29,Standard Class,TS-21505,Tony Sayre,Consumer,United States,Cleveland,Ohio,44105,East,OFF-ST-10002574,Office Supplies,Storage,"SAFCO Commercial Wire Shelving, Black",331.536,3,0.2,-82.884,-25.0,Low,No Discount,4,9,2017,False,False,Loss-Making
7738,CA-2018-108287,2018-12-18,2018-12-20,First Class,AG-10330,Alex Grayson,Consumer,United States,Charlotte,North Carolina,28205,South,OFF-AR-10001315,Office Supplies,Art,Newell 310,12.672,9,0.2,1.4256,11.25,Micro,No Discount,2,12,2018,False,False,Profitable
7740,CA-2015-154781,2015-11-21,2015-11-26,Standard Class,SC-20680,Steve Carroll,Home Office,United States,San Francisco,California,94110,West,OFF-PA-10001609,Office Supplies,Paper,Tops Wirebound Message Log Books,6.58,2,0.0,3.0268,46.0,Micro,No Discount,5,11,2015,True,False,Star Performer
7775,CA-2017-152800,2017-04-13,2017-04-15,First Class,SP-20920,Susan Pistek,Consumer,United States,San Francisco,California,94109,West,OFF-EN-10001509,Office Supplies,Envelopes,Poly String Tie Envelopes,6.12,3,0.0,2.8764,47.0,Micro,No Discount,2,4,2017,False,False,Star Performer
7777,CA-2015-166961,2015-12-27,2015-12-31,Standard Class,CD-12790,Cynthia Delaney,Home Office,United States,Moreno Valley,California,92553,West,OFF-FA-10003485,Office Supplies,Fasteners,Staples,7.86,3,0.0,3.6156,46.0,Micro,No Discount,4,12,2015,True,False,Star Performer
7781,CA-2017-139381,2017-04-18,2017-04-22,Standard Class,RF-19840,Roy FranzÃ¶sisch,Consumer,United States,Chesapeake,Virginia,23320,South,TEC-PH-10004924,Technology,Phones,"""SKILCRAFT Telephone Shoulder Rest, 2"""" x 6.5"""" x 2.5"""""," Black""",29,4.0,0.0,0.0,Micro,Heavy (>40%),4,4,2017,False,False,Break-Even
7796,CA-2016-112711,2016-07-12,2016-07-18,Standard Class,FM-14380,Fred McMath,Consumer,United States,Amarillo,Texas,79109,Central,TEC-PH-10000526,Technology,Phones,Vtech CS6719,307.168,4,0.2,30.7168,10.0,Low,No Discount,6,7,2016,False,False,Profitable
7802,CA-2015-143637,2015-03-24,2015-03-29,Second Class,MS-17710,Maurice Satty,Consumer,United States,Fresno,California,93727,West,FUR-FU-10002813,Furniture,Furnishings,"DAX Contemporary Wood Frame with Silver Metal Mat, Desktop, 11 x 14 Size",40.48,2,0.0,14.5728,36.0,Micro,No Discount,5,3,2015,False,False,Star Performer
7808,US-2017-137295,2017-01-08,2017-01-13,Standard Class,VS-21820,Vivek Sundaresam,Consumer,United States,Raleigh,North Carolina,27604,South,OFF-BI-10004236,Office Supplies,Binders,"XtraLife ClearVue Slant-D Ring Binder, White, 3""""",30.828,7,0.7,-24.6624,-80.0,Micro,No Discount,5,1,2017,True,False,Loss-Making
7809,US-2017-137295,2017-01-08,2017-01-13,Standard Class,VS-21820,Vivek Sundaresam,Consumer,United States,Raleigh,North Carolina,27604,South,OFF-AR-10001955,Office Supplies,Art,Newell 319,47.616,3,0.2,5.952,12.5,Micro,No Discount,5,1,2017,True,False,Profitable
7824,US-2015-115413,2015-08-26,2015-09-01,Standard Class,PP-18955,Paul Prost,Home Office,United States,Newark,Delaware,19711,East,TEC-AC-10002800,Technology,Accessories,Plantronics Audio 478 Stereo USB Headset,149.97,3,0.0,52.4895,35.0,Low,No Discount,6,8,2015,False,False,Star Performer
7867,CA-2016-143364,2016-07-14,2016-07-19,Second Class,TG-21310,Toby Gnade,Consumer,United States,Mesa,Arizona,85204,West,FUR-BO-10001608,Furniture,Bookcases,"Hon Metal Bookcases, Black",127.764,6,0.7,-191.646,-150.0,Low,No Discount,5,7,2016,False,False,Loss-Making
7896,CA-2018-124744,2018-06-21,2018-06-25,Standard Class,EH-14125,Eugene Hildebrand,Home Office,United States,Wheeling,West Virginia,26003,East,OFF-BI-10000145,Office Supplies,Binders,Zipper Ring Binder Pockets,6.24,2,0.0,3.0576,49.0,Micro,No Discount,4,6,2018,False,False,Star Performer
7927,CA-2018-120404,2018-11-20,2018-11-24,Second Class,KH-16330,Katharine Harms,Corporate,United States,New York City,New York,10035,East,TEC-AC-10003433,Technology,Accessories,Maxell 4.7GB DVD+R 5/Pack,2.97,3,0.0,1.3365,45.0,Micro,No Discount,4,11,2018,False,False,Star Performer
7931,CA-2017-120082,2017-03-25,2017-03-27,Second Class,DK-12835,Damala Kotsonis,Corporate,United States,New York City,New York,10024,East,OFF-AR-10001955,Office Supplies,Art,Newell 319,59.52,3,0.0,17.856,30.0,Micro,No Discount,2,3,2017,True,False,Star Performer
7975,US-2016-126753,2016-08-16,2016-08-20,Standard Class,SP-20860,Sung Pak,Corporate,United States,Philadelphia,Pennsylvania,19134,East,FUR-FU-10001488,Furniture,Furnishings,"""Tenex 46"""" x 60"""" Computer Anti-Static Chairmat"," Rectangular Shaped""",254,3.0,0.2,0.0,Micro,Heavy (>40%),4,8,2016,False,False,Break-Even
7994,US-2016-165743,2016-11-20,2016-11-23,Second Class,MM-18055,Michelle Moray,Consumer,United States,Aurora,Colorado,80013,West,OFF-BI-10001982,Office Supplies,Binders,Wilson Jones Custom Binder Spines & Labels,4.896,3,0.7,-3.4272,-70.0,Micro,No Discount,3,11,2016,True,False,Loss-Making
8002,CA-2016-110870,2016-12-12,2016-12-15,First Class,KD-16270,Karen Daniels,Consumer,United States,Los Angeles,California,90032,West,TEC-AC-10002926,Technology,Accessories,Logitech Wireless Marathon Mouse M705,299.94,6,0.0,128.9742,43.0,Low,No Discount,3,12,2016,False,False,Star Performer
8003,CA-2016-110870,2016-12-12,2016-12-15,First Class,KD-16270,Karen Daniels,Consumer,United States,Los Angeles,California,90032,West,OFF-SU-10001225,Office Supplies,Supplies,Staple remover,25.76,7,0.0,0.5152,2.0,Micro,No Discount,3,12,2016,False,False,Break-Even
8021,CA-2018-167227,2018-11-02,2018-11-05,First Class,NP-18670,Nora Paige,Consumer,United States,Saint Louis,Missouri,63116,Central,OFF-PA-10001838,Office Supplies,Paper,"""Adams Telephone Message Book W/Dividers/Space For Phone Numbers, 5 1/4""""X8 1/2"""""," 300/Messages""",11,2.0,0.0,0.0,Micro,Heavy (>40%),3,11,2018,False,False,Break-Even
8072,CA-2018-151750,2018-01-01,2018-01-05,Standard Class,JM-15250,Janet Martin,Consumer,United States,Huntsville,Texas,77340,Central,FUR-CH-10003199,Furniture,Chairs,Office Star - Contemporary Task Swivel Chair,310.744,4,0.3,-26.6352,-8.57,Low,No Discount,4,1,2018,False,False,Loss-Making
8090,US-2016-117492,2016-08-07,2016-08-09,First Class,NS-18640,Noel Staavos,Corporate,United States,Baltimore,Maryland,21215,East,OFF-AP-10001492,Office Supplies,Appliances,"Acco Six-Outlet Power Strip, 4' Cord Length",77.58,9,0.0,20.1708,26.0,Micro,No Discount,2,8,2016,True,False,Profitable
8102,CA-2016-149846,2016-05-22,2016-05-26,Standard Class,SB-20185,Sarah Brown,Consumer,United States,Los Angeles,California,90045,West,OFF-LA-10004484,Office Supplies,Labels,Avery 476,8.26,2,0.0,3.7996,46.0,Micro,No Discount,4,5,2016,True,False,Star Performer
8114,CA-2017-130393,2017-12-01,2017-12-03,Second Class,JM-15865,John Murray,Consumer,United States,San Angelo,Texas,76903,Central,FUR-CH-10004477,Furniture,Chairs,"Global Push Button Manager's Chair, Indigo",85.246,2,0.3,-1.2178,-1.43,Micro,No Discount,2,12,2017,False,False,Loss-Making
8160,CA-2017-120803,2017-03-09,2017-03-13,Standard Class,RB-19465,Rick Bensley,Home Office,United States,Milford,Connecticut,6460,East,TEC-AC-10004469,Technology,Accessories,Microsoft Sculpt Comfort Mouse,199.75,5,0.0,87.89,44.0,Low,No Discount,4,3,2017,False,False,Star Performer
8181,CA-2016-119879,2016-11-21,2016-11-25,Standard Class,SS-20410,Shahid Shariari,Consumer,United States,Philadelphia,Pennsylvania,19120,East,FUR-TA-10002958,Furniture,Tables,"Bevis Oval Conference Table, Walnut",1440.61,8,0.4,-528.22,-38.33,High,No Discount,4,11,2016,False,True,Loss-Making
8200,CA-2018-125269,2018-04-24,2018-04-30,Standard Class,AF-10870,Art Ferguson,Consumer,United States,Chicago,Illinois,60610,Central,OFF-BI-10001628,Office Supplies,Binders,"""Acco Data Flex Cable Posts For Top & Bottom Load Binders, 6"""" Capacity""",10.43,5,0.8,-18.2525,-175.0,Micro,No Discount,6,4,2018,False,False,Loss-Making
8218,CA-2015-120775,2015-10-03,2015-10-07,Standard Class,RD-19930,Russell D'Ascenzo,Consumer,United States,Dallas,Texas,75217,Central,OFF-FA-10002676,Office Supplies,Fasteners,Colored Push Pins,4.344,3,0.2,0.8688,20.0,Micro,No Discount,4,10,2015,True,False,Profitable
8222,CA-2015-120775,2015-10-03,2015-10-07,Standard Class,RD-19930,Russell D'Ascenzo,Consumer,United States,Dallas,Texas,75217,Central,OFF-FA-10000254,Office Supplies,Fasteners,Sterling Rubber Bands by Alliance,15.072,4,0.2,-3.768,-25.0,Micro,No Discount,4,10,2015,True,False,Loss-Making
8249,CA-2017-133816,2017-05-10,2017-05-13,Second Class,CS-12400,Christopher Schild,Home Office,United States,Philadelphia,Pennsylvania,19134,East,TEC-PH-10001795,Technology,Phones,ClearOne CHATAttach 160 -Â speaker phone,743.988,2,0.4,-123.998,-16.67,Medium,No Discount,3,5,2017,False,True,Loss-Making
8284,CA-2016-154284,2016-12-21,2016-12-26,Second Class,SZ-20035,Sam Zeldin,Home Office,United States,Saint Charles,Illinois,60174,Central,OFF-AR-10001468,Office Supplies,Art,"Sanford Prismacolor Professional Thick Lead Art Pencils, 36-Color Set",59.904,2,0.2,14.2272,23.75,Micro,No Discount,5,12,2016,False,False,Profitable
8294,US-2018-168802,2018-11-03,2018-11-07,Standard Class,JO-15145,Jack O'Briant,Corporate,United States,Seattle,Washington,98103,West,OFF-BI-10002393,Office Supplies,Binders,Binder Posts,18.368,4,0.2,5.9696,32.5,Micro,No Discount,4,11,2018,True,False,Star Performer
8303,US-2018-167318,2018-07-26,2018-08-01,Standard Class,GZ-14545,George Zrebassa,Corporate,United States,Los Angeles,California,90036,West,FUR-CH-10000665,Furniture,Chairs,"Global Airflow Leather Mesh Back Chair, Black",362.352,3,0.2,45.294,12.5,Low,No Discount,6,7,2018,False,False,Profitable
8319,CA-2018-130904,2018-04-11,2018-04-16,Standard Class,HM-14980,Henry MacAllister,Consumer,United States,Burlington,North Carolina,27217,South,OFF-AR-10000127,Office Supplies,Art,Newell 321,20.992,8,0.2,2.3616,11.25,Micro,No Discount,5,4,2018,False,False,Profitable
8323,CA-2017-130778,2017-11-19,2017-11-25,Standard Class,ND-18370,Natalie DeCherney,Consumer,United States,Long Beach,New York,11561,East,OFF-AP-10000595,Office Supplies,Appliances,Disposable Triple-Filter Dust Bags,8.74,2,0.0,2.2724,26.0,Micro,No Discount,6,11,2017,True,False,Profitable
8335,CA-2017-153269,2017-03-09,2017-03-12,First Class,PS-18760,Pamela Stobb,Consumer,United States,Andover,Massachusetts,1810,East,OFF-BI-10004632,Office Supplies,Binders,GBC Binding covers,51.8,4,0.0,23.31,45.0,Micro,No Discount,3,3,2017,False,False,Star Performer
8348,US-2016-115238,2016-04-30,2016-05-04,Standard Class,JW-15220,Jane Waco,Corporate,United States,Lawrence,Massachusetts,1841,East,FUR-FU-10002445,Furniture,Furnishings,"DAX Two-Tone Rosewood/Black Document Frame, Desktop, 5 x 7",9.48,1,0.0,3.792,40.0,Micro,No Discount,4,4,2016,True,False,Star Performer
8423,CA-2018-150091,2018-10-12,2018-10-16,Standard Class,NP-18670,Nora Paige,Consumer,United States,Lakewood,New Jersey,8701,East,OFF-FA-10000621,Office Supplies,Fasteners,"OIC Colored Binder Clips, Assorted Sizes",17.9,5,0.0,8.771,49.0,Micro,No Discount,4,10,2018,False,False,Star Performer
8461,CA-2015-146500,2015-08-30,2015-09-04,Standard Class,AT-10735,Annie Thurman,Consumer,United States,Bristol,Connecticut,6010,East,OFF-BI-10002432,Office Supplies,Binders,Wilson Jones Standard D-Ring Binders,29.1,5,0.0,13.08,47.0,Micro,No Discount,5,8,2015,True,False,Star Performer
8474,CA-2016-169733,2016-10-22,2016-10-26,Second Class,GM-14500,Gene McClure,Consumer,United States,Hollywood,Florida,33021,South,OFF-ST-10000876,Office Supplies,Storage,Eldon Simplefile Box Office,9.952,1,0.2,0.9952,10.0,Micro,No Discount,4,10,2016,True,False,Profitable
8477,CA-2018-134880,2018-10-27,2018-11-01,Standard Class,TW-21025,Tamara Willingham,Home Office,United States,Mesa,Arizona,85204,West,OFF-PA-10004039,Office Supplies,Paper,Xerox 1882,44.784,1,0.2,16.2342,36.25,Micro,No Discount,5,10,2018,True,False,Star Performer
8485,CA-2018-142391,2018-09-24,2018-09-24,Same Day,PB-19150,Philip Brown,Consumer,United States,Seattle,Washington,98115,West,FUR-FU-10002759,Furniture,Furnishings,12-1/2 Diameter Round Wall Clock,199.8,10,0.0,71.928,36.0,Low,No Discount,0,9,2018,False,False,Star Performer
8505,CA-2017-109400,2017-05-02,2017-05-06,Standard Class,NR-18550,Nick Radford,Consumer,United States,Amarillo,Texas,79109,Central,FUR-CH-10003298,Furniture,Chairs,"Office Star - Contemporary Task Swivel chair with Loop Arms, Charcoal",421.76,4,0.3,-121.03,-30.0,Low,No Discount,4,5,2017,False,False,Loss-Making
8538,CA-2016-157343,2016-06-07,2016-06-11,Standard Class,HD-14785,Harold Dahlen,Home Office,United States,Philadelphia,Pennsylvania,19143,East,OFF-PA-10000552,Office Supplies,Paper,Xerox 200,25.92,5,0.2,9.072,35.0,Micro,No Discount,4,6,2016,False,False,Star Performer
8552,CA-2016-121132,2016-07-17,2016-07-24,Standard Class,VB-21745,Victoria Brennan,Corporate,United States,Houston,Texas,77041,Central,OFF-FA-10004248,Office Supplies,Fasteners,Advantus T-Pin Paper Clips,14.432,4,0.2,3.4276,23.75,Micro,No Discount,7,7,2016,True,False,Profitable
8573,CA-2015-121629,2015-11-28,2015-12-02,Standard Class,BT-11680,Brian Thompson,Consumer,United States,Houston,Texas,77041,Central,TEC-MA-10004679,Technology,Machines,StarTech.com 10/100 VDSL2 Ethernet Extender Kit,998.85,5,0.4,-199.77,-20.0,Medium,No Discount,4,11,2015,True,True,Loss-Making
8613,CA-2017-146437,2017-01-28,2017-02-01,Second Class,HG-14965,Henry Goldwyn,Corporate,United States,Los Angeles,California,90036,West,OFF-AR-10000588,Office Supplies,Art,Newell 345,39.68,2,0.0,10.3168,26.0,Micro,No Discount,4,1,2017,True,False,Profitable
8637,CA-2015-160094,2015-04-30,2015-05-02,First Class,JM-16195,Justin MacKendrick,Consumer,United States,Louisville,Kentucky,40214,South,OFF-ST-10000585,Office Supplies,Storage,Economy Rollaway Files,826.0,5,0.0,214.76,26.0,Medium,No Discount,2,4,2015,False,True,Profitable
8639,CA-2018-118346,2018-07-23,2018-07-24,First Class,PO-19180,Philisse Overcash,Home Office,United States,Kenosha,Wisconsin,53142,Central,TEC-AC-10000736,Technology,Accessories,Logitech G600 MMO Gaming Mouse,399.95,5,0.0,143.982,36.0,Low,No Discount,1,7,2018,False,False,Star Performer
8692,CA-2017-136770,2017-08-14,2017-08-18,Standard Class,SP-20650,Stephanie Phelps,Corporate,United States,Akron,Ohio,44312,East,TEC-PH-10001530,Technology,Phones,Plantronics Voyager Pro Legend,247.188,2,0.4,-49.4376,-20.0,Low,No Discount,4,8,2017,False,False,Loss-Making
8706,US-2015-132745,2015-10-01,2015-10-05,Standard Class,NF-18475,Neil FranzÃ¶sisch,Home Office,United States,Reno,Nevada,89502,West,OFF-FA-10000254,Office Supplies,Fasteners,Sterling Rubber Bands by Alliance,4.71,1,0.0,0.0,0.0,Micro,No Discount,4,10,2015,False,False,Break-Even
8760,CA-2017-114307,2017-07-22,2017-07-26,Standard Class,MF-17665,Maureen Fritzler,Corporate,United States,Columbia,Maryland,21044,East,OFF-BI-10002012,Office Supplies,Binders,Wilson Jones Easy Flow II Sheet Lifters,5.4,3,0.0,2.592,48.0,Micro,No Discount,4,7,2017,True,False,Star Performer
8786,CA-2018-145765,2018-05-28,2018-06-02,Standard Class,CM-11815,Candace McMahon,Corporate,United States,Phoenix,Arizona,85023,West,TEC-PH-10001305,Technology,Phones,Panasonic KX TS208W Corded phone,195.96,5,0.2,19.596,10.0,Low,No Discount,5,5,2018,False,False,Profitable
8795,CA-2015-162992,2015-12-19,2015-12-21,First Class,BP-11095,Bart Pistole,Corporate,United States,Los Angeles,California,90008,West,TEC-PH-10001944,Technology,Phones,Wi-Ex zBoost YX540 Cellular Phone Signal Booster,583.8,5,0.2,72.975,12.5,Medium,No Discount,2,12,2015,True,True,Profitable
8802,CA-2017-140935,2017-11-10,2017-11-12,First Class,AB-10015,Aaron Bergman,Consumer,United States,Oklahoma City,Oklahoma,73120,Central,TEC-PH-10000562,Technology,Phones,Samsung Convoy 3,221.98,2,0.0,62.1544,28.0,Low,No Discount,2,11,2017,False,False,Profitable
8818,CA-2016-144274,2016-11-23,2016-11-25,Second Class,PW-19240,Pierre Wener,Consumer,United States,Wilmington,Delaware,19805,East,OFF-EN-10003286,Office Supplies,Envelopes,Staple envelope,19.04,2,0.0,8.56,47.0,Micro,No Discount,2,11,2016,False,False,Star Performer
8869,CA-2017-158260,2017-11-04,2017-11-08,Standard Class,CC-12475,Cindy Chapman,Consumer,United States,San Diego,California,92037,West,TEC-MA-10003176,Technology,Machines,Okidata B400 Printer,686.4,2,0.2,77.22,11.25,Medium,No Discount,4,11,2017,True,True,Profitable
8876,US-2017-141264,2017-08-13,2017-08-19,Standard Class,CT-11995,Carol Triggs,Consumer,United States,Irving,Texas,75061,Central,OFF-SU-10003505,Office Supplies,Supplies,Premier Electric Letter Opener,185.376,2,0.2,-34.758,-18.75,Low,No Discount,6,8,2017,True,False,Loss-Making
8886,CA-2015-107398,2015-08-25,2015-08-30,Standard Class,BS-11590,Brendan Sweed,Corporate,United States,Columbus,Ohio,43229,East,OFF-BI-10004141,Office Supplies,Binders,Insertable Tab Indexes For Data Binders,2.862,3,0.7,-2.2896,-80.0,Micro,No Discount,5,8,2015,False,False,Loss-Making
8942,CA-2017-159023,2017-11-03,2017-11-05,First Class,NW-18400,Natalie Webber,Consumer,United States,Portland,Oregon,97206,West,OFF-BI-10002813,Office Supplies,Binders,Avery Reinforcements for Hole-Punch Pages,4.158,7,0.7,-3.465,-83.33,Micro,No Discount,2,11,2017,False,False,Loss-Making
8957,CA-2018-105620,2018-12-25,2018-12-28,First Class,JH-15430,Jennifer Halladay,Consumer,United States,Hialeah,Florida,33012,South,FUR-FU-10004963,Furniture,Furnishings,"Eldon 400 Class Desk Accessories, Black Carbon",24.15,3,0.2,6.35,27.5,Micro,No Discount,3,12,2018,False,False,Profitable
8973,US-2015-149034,2015-11-19,2015-11-21,First Class,RD-19900,Ruben Dartt,Consumer,United States,Philadelphia,Pennsylvania,19120,East,TEC-AC-10003023,Technology,Accessories,Logitech G105 Gaming Keyboard,47.496,1,0.2,-1.1874,-2.5,Micro,No Discount,2,11,2015,False,False,Loss-Making
8974,CA-2018-159226,2018-04-25,2018-04-27,Second Class,RL-19615,Rob Lucas,Consumer,United States,Los Angeles,California,90008,West,FUR-BO-10004709,Furniture,Bookcases,"Bush Westfield Collection Bookcases, Medium Cherry Finish",344.981,7,0.15,28.4102,8.24,Low,No Discount,2,4,2018,False,False,Break-Even
9006,CA-2018-107825,2018-11-18,2018-11-18,Same Day,NB-18655,Nona Balk,Corporate,United States,Milwaukee,Wisconsin,53209,Central,OFF-ST-10001321,Office Supplies,Storage,"Decoflex Hanging Personal Folder File, Blue",92.52,6,0.0,24.9804,27.0,Micro,No Discount,0,11,2018,True,False,Profitable
9019,CA-2017-161361,2017-03-26,2017-03-28,Second Class,MV-17485,Mark Van Huff,Consumer,United States,Pocatello,Idaho,83201,West,OFF-BI-10002215,Office Supplies,Binders,"Wilson Jones Hanging View Binder, White, 1""""",17.04,3,0.2,5.538,32.5,Micro,No Discount,2,3,2017,True,False,Star Performer
9021,CA-2015-100706,2015-12-16,2015-12-18,Second Class,LE-16810,Laurel Elliston,Consumer,United States,Springfield,Virginia,22153,South,FUR-FU-10002268,Furniture,Furnishings,Ultra Door Push Plate,29.46,6,0.0,9.7218,33.0,Micro,No Discount,2,12,2015,False,False,Star Performer
9022,CA-2016-129525,2016-11-15,2016-11-20,Standard Class,VP-21760,Victoria Pisteka,Corporate,United States,Toledo,Ohio,43615,East,OFF-BI-10002133,Office Supplies,Binders,"""Wilson Jones Elliptical Ring 3 1/2"""" Capacity Binders"," 800 sheets""",166,13.0,0.7,0.0,Micro,Heavy (>40%),5,11,2016,False,False,Break-Even
9031,CA-2018-128041,2018-09-01,2018-09-01,Same Day,RW-19540,Rick Wilson,Corporate,United States,Seattle,Washington,98103,West,OFF-AP-10001005,Office Supplies,Appliances,Honeywell Quietcare HEPA Air Cleaner,314.6,4,0.0,103.818,33.0,Low,No Discount,0,9,2018,True,False,Star Performer
9047,CA-2018-137463,2018-12-16,2018-12-20,Second Class,KM-16225,Kalyca Meade,Corporate,United States,Sunnyvale,California,94086,West,TEC-AC-10000057,Technology,Accessories,Microsoft Natural Ergonomic Keyboard 4000,149.95,5,0.0,31.4895,21.0,Low,No Discount,4,12,2018,True,False,Profitable
9062,CA-2016-136420,2016-11-20,2016-11-21,First Class,CS-12250,Chris Selesnick,Corporate,United States,San Diego,California,92024,West,OFF-LA-10002762,Office Supplies,Labels,Avery 485,50.12,4,0.0,23.5564,47.0,Micro,No Discount,1,11,2016,True,False,Star Performer
9099,CA-2018-152933,2018-10-12,2018-10-16,Standard Class,MG-17650,Matthew Grinstein,Home Office,United States,Dallas,Texas,75081,Central,TEC-PH-10002085,Technology,Phones,Clarity 53712,424.98,7,0.2,30.49,7.5,Low,No Discount,4,10,2018,False,False,Break-Even
9106,CA-2016-163181,2016-11-07,2016-11-12,Standard Class,AB-10105,Adrian Barton,Consumer,United States,Houston,Texas,77041,Central,OFF-ST-10000129,Office Supplies,Storage,Fellowes Recycled Storage Drawers,177.648,2,0.2,-28.8678,-16.25,Low,No Discount,5,11,2016,False,False,Loss-Making
9111,CA-2015-132010,2015-10-13,2015-10-15,First Class,MA-17995,Michelle Arnett,Home Office,United States,Richmond,Virginia,23223,South,OFF-EN-10003160,Office Supplies,Envelopes,Pastel Pink Envelopes,36.4,5,0.0,17.472,48.0,Micro,No Discount,2,10,2015,False,False,Star Performer
9144,US-2018-166688,2018-05-20,2018-05-26,Standard Class,RD-19480,Rick Duston,Consumer,United States,Las Vegas,Nevada,89115,West,TEC-PH-10004094,Technology,Phones,Motorola L703CM,1123.128,9,0.2,70.1955,6.25,High,No Discount,6,5,2018,True,True,Break-Even
9156,CA-2015-102645,2015-01-23,2015-01-28,Standard Class,IM-15055,Ionia McGrath,Consumer,United States,Las Vegas,Nevada,89115,West,OFF-PA-10001804,Office Supplies,Paper,Xerox 195,40.08,6,0.0,19.2384,48.0,Micro,No Discount,5,1,2015,False,False,Star Performer
9161,CA-2017-118934,2017-08-09,2017-08-14,Standard Class,GH-14410,Gary Hansen,Home Office,United States,Hendersonville,Tennessee,37075,South,OFF-BI-10004465,Office Supplies,Binders,Avery Durable Slant Ring Binders,11.88,5,0.7,-7.92,-66.67,Micro,No Discount,5,8,2017,False,False,Loss-Making
9207,CA-2017-146423,2017-04-21,2017-04-21,Same Day,BT-11680,Brian Thompson,Consumer,United States,Milford,Connecticut,6460,East,OFF-PA-10003797,Office Supplies,Paper,Xerox 209,51.84,8,0.0,24.8832,48.0,Micro,No Discount,0,4,2017,False,False,Star Performer
9360,CA-2017-168046,2017-01-25,2017-01-28,Second Class,JD-15895,Jonathan Doherty,Corporate,United States,New York City,New York,10024,East,FUR-FU-10000747,Furniture,Furnishings,Tenex B1-RE Series Chair Mats for Low Pile Carpets,45.98,1,0.0,7.8166,17.0,Micro,No Discount,3,1,2017,False,False,Profitable
9394,CA-2015-125997,2015-09-20,2015-09-23,First Class,MW-18220,Mitch Webber,Consumer,United States,New York City,New York,10011,East,TEC-PH-10003484,Technology,Phones,Ooma Telo VoIP Home Phone System,629.95,5,0.0,157.4875,25.0,Medium,No Discount,3,9,2015,True,True,Profitable
9399,CA-2015-125997,2015-09-20,2015-09-23,First Class,MW-18220,Mitch Webber,Consumer,United States,New York City,New York,10011,East,TEC-PH-10003072,Technology,Phones,Panasonic KX-TG9541B DECT 6.0 Digital 2-Line Expandable Cordless Phone With Digital Answering System,1349.91,9,0.0,661.4559,49.0,High,No Discount,3,9,2015,True,True,Star Performer
9412,CA-2017-108959,2017-03-10,2017-03-14,Second Class,MH-17785,Maya Herman,Corporate,United States,Glendale,Arizona,85301,West,OFF-ST-10001272,Office Supplies,Storage,"Mini 13-1/2 Capacity Data Binder Rack, Pearl",104.696,1,0.2,6.5435,6.25,Low,No Discount,4,3,2017,False,False,Break-Even
9417,CA-2016-127824,2016-10-18,2016-10-22,Standard Class,JC-15775,John Castell,Consumer,United States,Seattle,Washington,98115,West,FUR-FU-10002505,Furniture,Furnishings,Eldon 100 Class Desk Accessories,10.11,3,0.0,3.2352,32.0,Micro,No Discount,4,10,2016,False,False,Star Performer
9418,CA-2015-148285,2015-10-27,2015-11-01,Standard Class,RD-19810,Ross DeVincentis,Home Office,United States,Fayetteville,North Carolina,28314,South,OFF-PA-10001166,Office Supplies,Paper,Xerox 2,10.368,2,0.2,3.6288,35.0,Micro,No Discount,5,10,2015,False,False,Star Performer
9425,CA-2015-145254,2015-07-23,2015-07-27,Standard Class,NC-18535,Nick Crebassa,Corporate,United States,San Francisco,California,94122,West,TEC-AC-10002167,Technology,Accessories,ImationÂ 8gb Micro Traveldrive Usb 2.0Â Flash Drive,45.0,3,0.0,4.95,11.0,Micro,No Discount,4,7,2015,False,False,Profitable
9447,CA-2017-158617,2017-09-22,2017-09-28,Standard Class,AC-10660,Anna Chung,Consumer,United States,Lawrence,Indiana,46226,Central,OFF-PA-10002245,Office Supplies,Paper,Xerox 1895,35.88,6,0.0,16.146,45.0,Micro,No Discount,6,9,2017,False,False,Star Performer
9462,CA-2015-100867,2015-10-19,2015-10-24,Standard Class,EH-14125,Eugene Hildebrand,Home Office,United States,Lakewood,California,90712,West,TEC-PH-10004922,Technology,Phones,RCA Visys Integrated PBX 8-Line Router,321.552,6,0.2,20.097,6.25,Low,No Discount,5,10,2015,False,False,Break-Even
9468,CA-2018-102925,2018-11-05,2018-11-10,Second Class,CD-12280,Christina DeMoss,Consumer,United States,New York City,New York,10024,East,FUR-TA-10003469,Furniture,Tables,Balt Split Level Computer Training Table,166.5,2,0.4,-66.6,-40.0,Low,No Discount,5,11,2018,False,False,Loss-Making
9472,CA-2018-102925,2018-11-05,2018-11-10,Second Class,CD-12280,Christina DeMoss,Consumer,United States,New York City,New York,10024,East,OFF-BI-10002706,Office Supplies,Binders,Avery Premier Heavy-Duty Binder with Round Locking Rings,13.14,1,0.2,4.08,32.5,Micro,No Discount,5,11,2018,False,False,Star Performer
9476,CA-2016-100818,2016-05-31,2016-06-05,Second Class,JM-15265,Janet Molinari,Corporate,United States,Chicago,Illinois,60653,Central,OFF-PA-10001125,Office Supplies,Paper,Xerox 1988,173.488,7,0.2,54.215,31.25,Low,No Discount,5,5,2016,False,False,Star Performer
9488,US-2018-125213,2018-12-11,2018-12-13,First Class,NB-18655,Nona Balk,Corporate,United States,Paterson,New Jersey,7501,East,OFF-FA-10001561,Office Supplies,Fasteners,Stockwell Push Pins,6.54,3,0.0,2.1582,33.0,Micro,No Discount,2,12,2018,False,False,Star Performer
9526,CA-2018-156958,2018-12-05,2018-12-06,First Class,PB-18805,Patrick Bzostek,Home Office,United States,Seattle,Washington,98115,West,FUR-FU-10003268,Furniture,Furnishings,Eldon Radial Chair Mat for Low to Medium Pile Carpets,199.9,5,0.0,39.98,20.0,Low,No Discount,1,12,2018,False,False,Profitable
9593,US-2017-105452,2017-07-28,2017-08-01,Standard Class,BF-11005,Barry Franz,Home Office,United States,Pasadena,Texas,77506,Central,FUR-FU-10003806,Furniture,Furnishings,"""Tenex Chairmat w/ Average Lip, 45"""" x 53""""""",302.72,5,0.6,-378.4,-125.0,Low,No Discount,4,7,2017,False,False,Loss-Making
9604,CA-2017-129861,2017-06-17,2017-06-23,Standard Class,DM-13345,Denise Monton,Corporate,United States,Rochester,New York,14609,East,FUR-TA-10003715,Furniture,Tables,Hon 2111 Invitation Series Corner Table,376.866,3,0.4,-213.5574,-56.67,Low,No Discount,6,6,2017,True,False,Loss-Making
9614,CA-2015-128524,2015-11-11,2015-11-13,First Class,MZ-17515,Mary Zewe,Corporate,United States,Seattle,Washington,98115,West,OFF-AP-10002892,Office Supplies,Appliances,Belkin F5C206VTEL 6 Outlet Surge,22.98,1,0.0,6.894,30.0,Micro,No Discount,2,11,2015,False,False,Star Performer
9641,CA-2015-104563,2015-03-07,2015-03-12,Standard Class,CM-12715,Craig Molinari,Corporate,United States,Seattle,Washington,98103,West,OFF-AR-10000390,Office Supplies,Art,Newell Chalk Holder,20.65,5,0.0,9.499,46.0,Micro,No Discount,5,3,2015,True,False,Star Performer
9697,CA-2015-144281,2015-06-10,2015-06-15,Second Class,HK-14890,Heather Kirkland,Corporate,United States,Detroit,Michigan,48234,Central,OFF-LA-10003930,Office Supplies,Labels,"Dot Matrix Printer Tape Reel Labels, White, 5000/Box",491.55,5,0.0,240.8595,49.0,Low,No Discount,5,6,2015,False,False,Star Performer
9707,CA-2017-161746,2017-10-21,2017-10-27,Standard Class,CS-11950,Carlos Soltero,Consumer,United States,Los Angeles,California,90045,West,FUR-CH-10004626,Furniture,Chairs,Office Star Flex Back Scooter Chair with Aluminum Finish Frame,242.136,3,0.2,12.1068,5.0,Low,No Discount,6,10,2017,True,False,Break-Even
9745,CA-2018-141782,2018-01-21,2018-01-25,Standard Class,BE-11410,Bobby Elias,Consumer,United States,Aurora,Illinois,60505,Central,OFF-EN-10002230,Office Supplies,Envelopes,Airmail Envelopes,268.576,4,0.2,90.6444,33.75,Low,No Discount,4,1,2018,True,False,Star Performer
9766,CA-2018-101959,2018-02-28,2018-03-06,Standard Class,DB-13660,Duane Benoit,Consumer,United States,Middletown,Connecticut,6457,East,OFF-BI-10001757,Office Supplies,Binders,Pressboard Hanging Data Binders for Unburst Sheets,9.84,2,0.0,4.7232,48.0,Micro,No Discount,6,2,2018,False,False,Star Performer
9769,CA-2018-142328,2018-12-07,2018-12-14,Standard Class,TC-21535,Tracy Collins,Home Office,United States,San Francisco,California,94122,West,OFF-PA-10000380,Office Supplies,Paper,"""REDIFORM Incoming/Outgoing Call Register, 11"""" X 8 1/2"""""," 100 Messages""",50,6.0,0.0,0.0,Micro,Heavy (>40%),7,12,2018,False,False,Break-Even
9785,CA-2016-149748,2016-05-31,2016-06-02,Second Class,EM-13825,Elizabeth Moffitt,Corporate,United States,Paterson,New Jersey,7501,East,FUR-FU-10001847,Furniture,Furnishings,Eldon Image Series Black Desk Accessories,8.28,2,0.0,2.9808,36.0,Micro,No Discount,2,5,2016,False,False,Star Performer
9786,CA-2016-155635,2016-05-09,2016-05-13,Standard Class,ME-17725,Max Engle,Consumer,United States,Louisville,Kentucky,40214,South,OFF-BI-10000962,Office Supplies,Binders,"""Acco Flexible ACCOHIDE Square Ring Data Binder, Dark Blue, 11 1/2"""" X 14"""" 7/8""""""",48.81,3,0.0,23.9169,49.0,Micro,No Discount,4,5,2016,False,False,Star Performer
9789,CA-2018-144491,2018-03-27,2018-04-01,Standard Class,CJ-12010,Caroline Jumper,Consumer,United States,Houston,Texas,77070,Central,FUR-CH-10004063,Furniture,Chairs,Global Deluxe High-Back Manager's Chair,600.558,3,0.3,-8.5794,-1.43,Medium,No Discount,5,3,2018,False,True,Loss-Making
9798,CA-2016-128608,2016-01-12,2016-01-17,Standard Class,CS-12490,Cindy Schnelling,Corporate,United States,Toledo,Ohio,43615,East,TEC-PH-10004977,Technology,Phones,GE 30524EE4,235.188,2,0.4,-43.1178,-18.33,Low,No Discount,5,1,2016,False,False,Loss-Making
9800,CA-2016-128608,2016-01-12,2016-01-17,Standard Class,CS-12490,Cindy Schnelling,Corporate,United States,Toledo,Ohio,43615,East,TEC-AC-10000487,Technology,Accessories,SanDisk Cruzer 4 GB USB Flash Drive,10.384,2,0.2,2.2066,21.25,Micro,No Discount,5,1,2016,False,False,Profitable
9881,CA-2016-104297,2016-05-29,2016-05-31,First Class,CC-12100,Chad Cunningham,Home Office,United States,Cleveland,Ohio,44105,East,OFF-PA-10000474,Office Supplies,Paper,Easy-staple paper,85.056,3,0.2,28.7064,33.75,Micro,No Discount,2,5,2016,True,False,Star Performer
9965,CA-2017-146374,2017-12-05,2017-12-10,Second Class,HE-14800,Harold Engle,Corporate,United States,Newark,Delaware,19711,East,FUR-FU-10002671,Furniture,Furnishings,Electrix 20W Halogen Replacement Bulb for Zoom-In Desk Lamp,13.4,1,0.0,6.432,48.0,Micro,No Discount,5,12,2017,False,False,Star Performer
